Source,Target,Type,Id,Label
775120460312940544,724991849912500224,Directed,8,
1252990922,724991849912500224,Directed,125,
4443617919,724991849912500224,Directed,133,
884133562852798465,724991849912500224,Directed,163,
845369220720463872,724991849912500224,Directed,165,
4172487136,724991849912500224,Directed,185,
2779926419,724991849912500224,Directed,191,
481586123,724991849912500224,Directed,202,
4455136516,724991849912500224,Directed,205,
414238687,724991849912500224,Directed,212,
2471680740,724991849912500224,Directed,215,
3264791584,724991849912500224,Directed,226,
153184399,724991849912500224,Directed,235,
1390716944,724991849912500224,Directed,236,
952356431952572416,724991849912500224,Directed,263,
4616247501,724991849912500224,Directed,266,
127941159,724991849912500224,Directed,280,
902558138192330753,724991849912500224,Directed,298,
4197473325,724991849912500224,Directed,304,
1253205390,724991849912500224,Directed,332,
926659933,724991849912500224,Directed,343,
254316467,724991849912500224,Directed,354,
2207385163,724991849912500224,Directed,383,
2802397790,724991849912500224,Directed,394,
3627323595,724991849912500224,Directed,402,
911195259283140608,724991849912500224,Directed,406,
853485301209210880,724991849912500224,Directed,419,
844033251413020672,724991849912500224,Directed,433,
4899171773,724991849912500224,Directed,441,
734914459,724991849912500224,Directed,451,
412603416,724991849912500224,Directed,456,
797152974,724991849912500224,Directed,474,
187047762,724991849912500224,Directed,485,
362095640,724991849912500224,Directed,500,
1347622838,724991849912500224,Directed,501,
17129020,724991849912500224,Directed,509,
817180269706969090,724991849912500224,Directed,511,
717128928,724991849912500224,Directed,519,
910601047042854912,724991849912500224,Directed,520,
595840675,724991849912500224,Directed,535,
205204049,724991849912500224,Directed,537,
167628720,724991849912500224,Directed,539,
3317940664,724991849912500224,Directed,548,
813804262614564868,724991849912500224,Directed,592,
922971711057940481,724991849912500224,Directed,601,
4069763853,724991849912500224,Directed,620,
1418348443,724991849912500224,Directed,626,
2980611887,724991849912500224,Directed,631,
4190344523,724991849912500224,Directed,647,
2734866437,724991849912500224,Directed,651,
3106718386,724991849912500224,Directed,662,
371546732,724991849912500224,Directed,663,
159468538,724991849912500224,Directed,669,
317585483,724991849912500224,Directed,672,
309177991,724991849912500224,Directed,709,
1598951042,724991849912500224,Directed,726,
811608886063091712,724991849912500224,Directed,729,
1146027914,724991849912500224,Directed,749,
856002591137947649,724991849912500224,Directed,774,
792330804,724991849912500224,Directed,775,
764602006203928576,724991849912500224,Directed,776,
514727371,724991849912500224,Directed,785,
886759795981791232,724991849912500224,Directed,788,
869343505948303360,724991849912500224,Directed,835,
3075453035,724991849912500224,Directed,842,
824995900284076033,724991849912500224,Directed,856,
262872312,724991849912500224,Directed,866,
1421177671,724991849912500224,Directed,867,
2716204655,724991849912500224,Directed,876,
874941528543821825,724991849912500224,Directed,877,
1612486452,724991849912500224,Directed,887,
926059149020073985,724991849912500224,Directed,890,
123969911,724991849912500224,Directed,904,
4438133241,724991849912500224,Directed,912,
838191576153264128,724991849912500224,Directed,914,
4389207675,724991849912500224,Directed,920,
302090543,724991849912500224,Directed,921,
188026970,724991849912500224,Directed,927,
364304602,724991849912500224,Directed,949,
489735346,724991849912500224,Directed,951,
205721520,724991849912500224,Directed,959,
1087791181,724991849912500224,Directed,962,
754472967363502081,724991849912500224,Directed,967,
3296568033,724991849912500224,Directed,996,
939551101774454784,724991849912500224,Directed,1005,
498693216,724991849912500224,Directed,1007,
125337474,724991849912500224,Directed,1020,
866840221,724991849912500224,Directed,1021,
352668461,724991849912500224,Directed,1023,
1257838134,724991849912500224,Directed,1029,
609771750,724991849912500224,Directed,1037,
601368401,724991849912500224,Directed,1053,
2728640021,724991849912500224,Directed,1059,
732283984382693381,724991849912500224,Directed,1060,
188606110,724991849912500224,Directed,1069,
4197469961,724991849912500224,Directed,1074,
833202018412027904,724991849912500224,Directed,1086,
755035461538709504,724991849912500224,Directed,1105,
2513461156,724991849912500224,Directed,1117,
4628041221,724991849912500224,Directed,1128,
147390617,724991849912500224,Directed,1131,
85933279,724991849912500224,Directed,1137,
732717476073639937,724991849912500224,Directed,1139,
708061247061753856,724991849912500224,Directed,1143,
50353005,724991849912500224,Directed,1146,
870397502452895748,724991849912500224,Directed,1152,
757278330236309504,724991849912500224,Directed,1153,
4639015092,724991849912500224,Directed,1156,
891457257682219008,724991849912500224,Directed,1157,
726944587969912832,724991849912500224,Directed,1158,
866809684098940929,724991849912500224,Directed,1162,
192097134,724991849912500224,Directed,1164,
313414835,724991849912500224,Directed,1167,
138519555,724991849912500224,Directed,1169,
821171096582062080,724991849912500224,Directed,1170,
149577603,724991849912500224,Directed,1173,
939594755599732736,724991849912500224,Directed,1175,
2884879569,724991849912500224,Directed,1195,
472687573,724991849912500224,Directed,1214,
149238850,724991849912500224,Directed,1221,
4433293101,724991849912500224,Directed,1228,
3405190318,724991849912500224,Directed,1244,
3135595924,724991849912500224,Directed,1247,
3462238936,724991849912500224,Directed,1250,
3893850623,724991849912500224,Directed,1260,
715713128923795458,724991849912500224,Directed,1267,
2583775011,724991849912500224,Directed,1271,
568559126,724991849912500224,Directed,1280,
400345339,724991849912500224,Directed,1301,
2984275319,724991849912500224,Directed,1305,
353635491,724991849912500224,Directed,1307,
109353330,724991849912500224,Directed,1310,
4151080641,724991849912500224,Directed,1322,
2652853400,724991849912500224,Directed,1336,
1665518737,724991849912500224,Directed,1344,
204058629,724991849912500224,Directed,1347,
4830229167,724991849912500224,Directed,1351,
178879936,724991849912500224,Directed,1360,
1614343844,724991849912500224,Directed,1364,
4486055565,724991849912500224,Directed,1366,
852763767494516736,724991849912500224,Directed,1372,
808092704701906945,724991849912500224,Directed,1392,
263925147,724991849912500224,Directed,1416,
849333320798412800,724991849912500224,Directed,1418,
3173932642,724991849912500224,Directed,1426,
2242723305,724991849912500224,Directed,1430,
724762789743566848,724991849912500224,Directed,1435,
491341356,724991849912500224,Directed,1454,
568862796,724991849912500224,Directed,1456,
1494318799,724991849912500224,Directed,1457,
880548677814808576,724991849912500224,Directed,1500,
312071487,724991849912500224,Directed,1506,
765287281,724991849912500224,Directed,1529,
1141416996,724991849912500224,Directed,1554,
955123286429655041,724991849912500224,Directed,1557,
812675495091470346,724991849912500224,Directed,1564,
938180643065946112,724991849912500224,Directed,1567,
945494096285716480,724991849912500224,Directed,1568,
942724724576194560,724991849912500224,Directed,1569,
579268542,724991849912500224,Directed,1591,
4779383416,724991849912500224,Directed,1594,
213629126,724991849912500224,Directed,1601,
4636584016,724991849912500224,Directed,1631,
749776683939627008,724991849912500224,Directed,1639,
916418638831345669,724991849912500224,Directed,1640,
818589145,724991849912500224,Directed,1646,
721375026503684096,724991849912500224,Directed,1649,
311171526,724991849912500224,Directed,1662,
280579209,724991849912500224,Directed,1675,
4827388379,724991849912500224,Directed,1726,
938818260711206913,724991849912500224,Directed,1757,
275314877,724991849912500224,Directed,1774,
751845517232144384,724991849912500224,Directed,1776,
989979932,724991849912500224,Directed,1780,
1243487965,724991849912500224,Directed,1783,
930707554593837056,724991849912500224,Directed,1790,
268382888,724991849912500224,Directed,1803,
209919889,724991849912500224,Directed,1813,
4196898628,724991849912500224,Directed,1823,
725812041097875456,724991849912500224,Directed,1829,
870199540959371264,724991849912500224,Directed,1833,
78038152,724991849912500224,Directed,1842,
845838285155041283,724991849912500224,Directed,1851,
210286298,724991849912500224,Directed,1882,
824677213895266305,724991849912500224,Directed,1885,
1467043896,724991849912500224,Directed,1888,
4342283537,724991849912500224,Directed,1900,
3399281115,724991849912500224,Directed,1921,
258372046,724991849912500224,Directed,1930,
139204153,724991849912500224,Directed,1942,
3264452290,724991849912500224,Directed,1955,
2430281547,724991849912500224,Directed,1958,
290238431,724991849912500224,Directed,1959,
1353140635,724991849912500224,Directed,1963,
4198060960,724991849912500224,Directed,1983,
569314050,724991849912500224,Directed,1988,
2482931576,724991849912500224,Directed,1992,
208553735,724991849912500224,Directed,2005,
4766035248,724991849912500224,Directed,2008,
311039191,724991849912500224,Directed,2020,
360240301,724991849912500224,Directed,2025,
417026180,724991849912500224,Directed,2035,
2805934223,724991849912500224,Directed,2036,
53407721,724991849912500224,Directed,2048,
4774247901,724991849912500224,Directed,2060,
1498975142,724991849912500224,Directed,2070,
611329737,724991849912500224,Directed,2076,
578146748,724991849912500224,Directed,2082,
73031233,724991849912500224,Directed,2100,
4178747848,724991849912500224,Directed,2120,
802557447852396544,724991849912500224,Directed,2141,
1387779810,724991849912500224,Directed,2142,
3054288544,724991849912500224,Directed,2143,
417228679,724991849912500224,Directed,2147,
218158484,724991849912500224,Directed,2151,
3579939695,724991849912500224,Directed,2157,
1621346238,724991849912500224,Directed,2158,
825480037973504001,724991849912500224,Directed,2170,
199038582,724991849912500224,Directed,2210,
710532875930750976,724991849912500224,Directed,2222,
792203275,724991849912500224,Directed,2249,
841373176919646214,724991849912500224,Directed,2255,
914634354852327425,724991849912500224,Directed,2279,
347033319,724991849912500224,Directed,2284,
97918224,724991849912500224,Directed,2287,
158105787,724991849912500224,Directed,2299,
2624356467,724991849912500224,Directed,2304,
336859114,724991849912500224,Directed,2313,
1693650776,724991849912500224,Directed,2318,
4589176468,724991849912500224,Directed,2329,
887049016453857282,724991849912500224,Directed,2333,
591306165,724991849912500224,Directed,2343,
2727432991,724991849912500224,Directed,2363,
3352846438,724991849912500224,Directed,2369,
4153515377,724991849912500224,Directed,2370,
457023568,724991849912500224,Directed,2384,
308756576,724991849912500224,Directed,2387,
937062521462296577,724991849912500224,Directed,2394,
3252181216,724991849912500224,Directed,2412,
925516383651356673,724991849912500224,Directed,2418,
3099190497,724991849912500224,Directed,2431,
134499526,724991849912500224,Directed,2436,
839244108040372226,724991849912500224,Directed,2493,
3402023547,724991849912500224,Directed,2508,
1553916055,724991849912500224,Directed,2510,
347505995,724991849912500224,Directed,2518,
3385687450,724991849912500224,Directed,2548,
859896935884480513,724991849912500224,Directed,2571,
344055701,724991849912500224,Directed,2586,
3080277849,724991849912500224,Directed,2596,
3930961283,724991849912500224,Directed,2687,
4570874421,724991849912500224,Directed,2698,
904110944485351424,724991849912500224,Directed,2727,
792457828032217089,724991849912500224,Directed,2763,
4270874422,724991849912500224,Directed,2790,
305029444,724991849912500224,Directed,2812,
456184752,724991849912500224,Directed,2833,
729085823895789568,724991849912500224,Directed,2850,
3368326677,724991849912500224,Directed,2855,
4588868777,724991849912500224,Directed,2859,
804815344422551552,724991849912500224,Directed,2861,
420938017,724991849912500224,Directed,2874,
272227257,724991849912500224,Directed,2910,
2990206665,724991849912500224,Directed,2911,
880075561619660800,724991849912500224,Directed,2917,
225489831,724991849912500224,Directed,2931,
778388845989597185,724991849912500224,Directed,2950,
776494649712271360,724991849912500224,Directed,2953,
33076490,724991849912500224,Directed,2970,
714255642291265536,724991849912500224,Directed,2983,
331272179,724991849912500224,Directed,2985,
4195171642,724991849912500224,Directed,3009,
2838925913,724991849912500224,Directed,3011,
557139629,724991849912500224,Directed,3034,
834408480995942400,724991849912500224,Directed,3068,
901285877200171009,724991849912500224,Directed,3073,
1697778403,724991849912500224,Directed,3079,
781821697171263488,724991849912500224,Directed,3081,
4028708099,724991849912500224,Directed,3091,
823565129711284224,724991849912500224,Directed,3105,
925460900957622273,724991849912500224,Directed,3112,
701056104978128896,724991849912500224,Directed,3115,
835198346604261377,724991849912500224,Directed,3121,
256087514,724991849912500224,Directed,3138,
383473483,724991849912500224,Directed,3141,
884193798783479808,724991849912500224,Directed,3144,
941069487868129281,724991849912500224,Directed,3164,
470437969,724991849912500224,Directed,3166,
259921962,724991849912500224,Directed,3176,
3708726675,724991849912500224,Directed,3181,
117382601,724991849912500224,Directed,3182,
132396861,724991849912500224,Directed,3196,
199807745,724991849912500224,Directed,3199,
754239924770107392,724991849912500224,Directed,3200,
1277999094,724991849912500224,Directed,3213,
156213282,724991849912500224,Directed,3215,
3181289477,724991849912500224,Directed,3219,
1210013696,724991849912500224,Directed,3220,
2278210369,724991849912500224,Directed,3227,
4601569703,724991849912500224,Directed,3233,
840375104685113344,724991849912500224,Directed,3236,
1529402443,724991849912500224,Directed,3251,
152028221,724991849912500224,Directed,3261,
2350956690,724991849912500224,Directed,3267,
155388655,724991849912500224,Directed,3277,
163472892,724991849912500224,Directed,3278,
2828691201,724991849912500224,Directed,3286,
63268344,724991849912500224,Directed,3296,
205495781,724991849912500224,Directed,3302,
148907000,724991849912500224,Directed,3317,
902001598506913792,724991849912500224,Directed,3318,
4495578029,724991849912500224,Directed,3369,
714798921357385728,724991849912500224,Directed,3375,
605870669,724991849912500224,Directed,3438,
212323455,724991849912500224,Directed,3471,
1146439675,724991849912500224,Directed,3480,
3350715423,724991849912500224,Directed,3493,
115387252,724991849912500224,Directed,3513,
762304617258553344,724991849912500224,Directed,3539,
746148945861173248,724991849912500224,Directed,3611,
749090989273260034,724991849912500224,Directed,3626,
167996408,724991849912500224,Directed,3631,
3756617055,724991849912500224,Directed,3634,
882094002979442688,724991849912500224,Directed,3658,
716785878820118529,724991849912500224,Directed,3678,
436248241,724991849912500224,Directed,3742,
464075221,724991849912500224,Directed,3770,
2834926876,724991849912500224,Directed,3842,
300652328,724991849912500224,Directed,3854,
3131286267,724991849912500224,Directed,3861,
716282224,724991849912500224,Directed,3885,
3932137019,724991849912500224,Directed,3904,
94863040,724991849912500224,Directed,3941,
166692322,724991849912500224,Directed,3954,
711710889657962496,724991849912500224,Directed,3964,
937422459405553664,724991849912500224,Directed,4026,
66748185,724991849912500224,Directed,4061,
884057860195459072,724991849912500224,Directed,4073,
2649509616,724991849912500224,Directed,4079,
2747927035,724991849912500224,Directed,4088,
143600737,724991849912500224,Directed,4096,
866449060827455488,724991849912500224,Directed,4099,
204623876,724991849912500224,Directed,4107,
213364035,724991849912500224,Directed,4151,
362579636,724991849912500224,Directed,4260,
404573663,724991849912500224,Directed,4287,
2599794024,724991849912500224,Directed,4333,
837462386105860102,724991849912500224,Directed,4344,
39254138,724991849912500224,Directed,4361,
469648236,724991849912500224,Directed,4365,
50724992,724991849912500224,Directed,4373,
888909833424035842,724991849912500224,Directed,4408,
4195935034,724991849912500224,Directed,4415,
869286115,724991849912500224,Directed,4447,
108104637,724991849912500224,Directed,4513,
2562143851,724991849912500224,Directed,4518,
821838762430840834,724991849912500224,Directed,4530,
954763081,724991849912500224,Directed,4586,
91676906,724991849912500224,Directed,4599,
936744011062304769,724991849912500224,Directed,4602,
908778127278698498,724991849912500224,Directed,4606,
878646800902746114,724991849912500224,Directed,4607,
307611989,724991849912500224,Directed,4612,
829770155991433216,724991849912500224,Directed,4617,
781512342232240128,724991849912500224,Directed,4625,
208577217,724991849912500224,Directed,4639,
231800975,724991849912500224,Directed,4646,
2769280281,724991849912500224,Directed,4714,
903382742498500608,724991849912500224,Directed,4736,
853950045724520449,724991849912500224,Directed,4748,
787530398087704577,724991849912500224,Directed,4769,
2370350781,724991849912500224,Directed,4778,
220433012,724991849912500224,Directed,4807,
953376473443905537,724991849912500224,Directed,4818,
2873933971,724991849912500224,Directed,4830,
14591207,724991849912500224,Directed,4847,
701631620822999040,724991849912500224,Directed,4851,
1976869716,724991849912500224,Directed,4894,
2605154008,724991849912500224,Directed,4924,
4258573799,724991849912500224,Directed,4982,
610206288,724991849912500224,Directed,4984,
243827202,724991849912500224,Directed,4986,
1173063865,724991849912500224,Directed,5007,
168682450,724991849912500224,Directed,5017,
860307322651934720,724991849912500224,Directed,5035,
1110366601,724991849912500224,Directed,5076,
1412764626,724991849912500224,Directed,5079,
731987182743912449,724991849912500224,Directed,5090,
4871564415,724991849912500224,Directed,5132,
217288412,724991849912500224,Directed,5155,
951559420835778560,724991849912500224,Directed,5156,
131011940,724991849912500224,Directed,5160,
143989797,724991849912500224,Directed,5166,
925605159690006528,724991849912500224,Directed,5169,
3314212745,724991849912500224,Directed,5171,
208543060,724991849912500224,Directed,5173,
1469391320,724991849912500224,Directed,5191,
904278714,724991849912500224,Directed,5208,
758733844740571136,724991849912500224,Directed,5220,
256640617,724991849912500224,Directed,5231,
781849538931879940,724991849912500224,Directed,5232,
2162459267,724991849912500224,Directed,5236,
3091350599,724991849912500224,Directed,5278,
434323154,724991849912500224,Directed,5329,
131361976,724991849912500224,Directed,5339,
3031287259,724991849912500224,Directed,5361,
161439241,724991849912500224,Directed,5372,
916360172313997312,724991849912500224,Directed,5403,
953384784990007296,724991849912500224,Directed,5408,
260454435,724991849912500224,Directed,5412,
2500982883,724991849912500224,Directed,5413,
848969241403457536,724991849912500224,Directed,5415,
213039166,724991849912500224,Directed,5422,
868550704675381248,724991849912500224,Directed,5426,
829016716554432517,724991849912500224,Directed,5449,
917945914802745345,724991849912500224,Directed,5460,
2155098797,724991849912500224,Directed,5487,
165136131,724991849912500224,Directed,5506,
186096271,724991849912500224,Directed,5510,
259881090,724991849912500224,Directed,5522,
345662007,724991849912500224,Directed,5529,
718102862,724991849912500224,Directed,5532,
2998737521,724991849912500224,Directed,5558,
762358559220826112,724991849912500224,Directed,5562,
341284659,724991849912500224,Directed,5567,
161497051,724991849912500224,Directed,5578,
1286607618,724991849912500224,Directed,5602,
160437621,724991849912500224,Directed,5604,
86599139,724991849912500224,Directed,5612,
854639998766919681,724991849912500224,Directed,5625,
2747013183,724991849912500224,Directed,5651,
748772319233921025,724991849912500224,Directed,5691,
2337452678,724991849912500224,Directed,5703,
158533352,724991849912500224,Directed,5719,
916297083816116224,724991849912500224,Directed,5736,
744703980719190016,724991849912500224,Directed,5770,
2547067327,724991849912500224,Directed,5777,
2848334848,724991849912500224,Directed,5792,
3918688756,724991849912500224,Directed,5795,
440960429,724991849912500224,Directed,5873,
709039606596046848,724991849912500224,Directed,5883,
46255215,724991849912500224,Directed,5890,
323291328,724991849912500224,Directed,5896,
166838314,724991849912500224,Directed,5990,
622389534,724991849912500224,Directed,5993,
2616287576,724991849912500224,Directed,5999,
811617208791142400,724991849912500224,Directed,6003,
887026117198180355,724991849912500224,Directed,6009,
207137421,724991849912500224,Directed,6016,
891526190951010306,724991849912500224,Directed,6033,
783055052068052992,724991849912500224,Directed,6038,
2875798677,724991849912500224,Directed,6061,
713028058207358976,724991849912500224,Directed,6063,
2494310100,724991849912500224,Directed,6075,
721154608576491520,724991849912500224,Directed,6076,
912458243502432258,724991849912500224,Directed,6136,
888746710670946304,724991849912500224,Directed,6160,
153805256,724991849912500224,Directed,6186,
2155880478,724991849912500224,Directed,6233,
2873088335,724991849912500224,Directed,6255,
4288253315,724991849912500224,Directed,6276,
154913302,724991849912500224,Directed,6315,
846267928001568768,724991849912500224,Directed,6326,
767423501586366464,724991849912500224,Directed,6346,
810526134429487104,724991849912500224,Directed,6387,
4196448585,724991849912500224,Directed,6396,
4690204003,724991849912500224,Directed,6417,
1230537102,724991849912500224,Directed,6418,
303487087,724991849912500224,Directed,6421,
188901933,724991849912500224,Directed,6440,
2688097926,724991849912500224,Directed,6473,
2205950088,724991849912500224,Directed,6502,
174052293,724991849912500224,Directed,6504,
4301775809,724991849912500224,Directed,6511,
4798474835,724991849912500224,Directed,6521,
2276241716,724991849912500224,Directed,6535,
2559394208,724991849912500224,Directed,6541,
2349715198,724991849912500224,Directed,6609,
4795345446,724991849912500224,Directed,6645,
195855213,724991849912500224,Directed,6647,
183454242,724991849912500224,Directed,6657,
3369783807,724991849912500224,Directed,6687,
842469106225942530,724991849912500224,Directed,6702,
901592023504998400,724991849912500224,Directed,6717,
295993746,724991849912500224,Directed,6757,
1284589344,724991849912500224,Directed,6759,
2789071782,724991849912500224,Directed,6767,
4336392443,724991849912500224,Directed,6784,
150264310,724991849912500224,Directed,6793,
1179822284,724991849912500224,Directed,6820,
592201620,724991849912500224,Directed,6844,
1119824148,724991849912500224,Directed,6848,
2551818964,724991849912500224,Directed,6850,
1618632614,724991849912500224,Directed,6861,
3154078678,724991849912500224,Directed,6918,
186593162,724991849912500224,Directed,6932,
946424114650206213,724991849912500224,Directed,6935,
355745319,724991849912500224,Directed,6944,
2397189652,724991849912500224,Directed,6997,
2528928660,724991849912500224,Directed,7003,
2400621216,724991849912500224,Directed,7021,
179563784,724991849912500224,Directed,7044,
1243885920,724991849912500224,Directed,7047,
3230145635,724991849912500224,Directed,7065,
272105968,724991849912500224,Directed,7078,
106489583,724991849912500224,Directed,7085,
875663573745369088,724991849912500224,Directed,7099,
905566472524754944,724991849912500224,Directed,7112,
717384984072478720,724991849912500224,Directed,7114,
493258749,724991849912500224,Directed,7122,
749239603035574272,724991849912500224,Directed,7140,
913431973766582272,724991849912500224,Directed,7157,
739111348953583617,724991849912500224,Directed,7184,
163285924,724991849912500224,Directed,7191,
4863705899,724991849912500224,Directed,7214,
864684334325911552,724991849912500224,Directed,7246,
27437800,724991849912500224,Directed,7254,
4281171555,724991849912500224,Directed,7288,
326264388,724991849912500224,Directed,7351,
710603627388395520,724991849912500224,Directed,7381,
1849630824,724991849912500224,Directed,7424,
182175555,724991849912500224,Directed,7446,
274556833,724991849912500224,Directed,7459,
826790347263078402,724991849912500224,Directed,7494,
151893473,724991849912500224,Directed,7519,
862186368637825024,724991849912500224,Directed,7532,
715672847646113792,724991849912500224,Directed,7541,
357742193,724991849912500224,Directed,7554,
612535791,724991849912500224,Directed,7568,
860441228,724991849912500224,Directed,7573,
175282182,724991849912500224,Directed,7575,
833165915038560256,724991849912500224,Directed,7593,
634977000,724991849912500224,Directed,7626,
153547006,724991849912500224,Directed,7653,
172952451,724991849912500224,Directed,7670,
196435835,724991849912500224,Directed,7683,
197090653,724991849912500224,Directed,7692,
813790707957858304,724991849912500224,Directed,7697,
713084497609297920,724991849912500224,Directed,7718,
858027742834696194,724991849912500224,Directed,7738,
619432463,724991849912500224,Directed,7739,
3130366594,724991849912500224,Directed,7762,
883457366250983429,724991849912500224,Directed,7775,
1348237596,724991849912500224,Directed,7777,
352247536,724991849912500224,Directed,7781,
85581981,724991849912500224,Directed,7805,
4737433997,724991849912500224,Directed,7811,
193311618,724991849912500224,Directed,7816,
4634561957,724991849912500224,Directed,7817,
876910046709469184,724991849912500224,Directed,7853,
244756469,724991849912500224,Directed,7933,
276517334,724991849912500224,Directed,7935,
3438378724,724991849912500224,Directed,7942,
163082855,724991849912500224,Directed,7946,
886718206186016768,724991849912500224,Directed,7962,
876928055100526592,724991849912500224,Directed,8000,
532651594,724991849912500224,Directed,8016,
30515405,724991849912500224,Directed,8051,
954360166815760384,724991849912500224,Directed,8078,
1435870170,724991849912500224,Directed,8114,
238376853,724991849912500224,Directed,8126,
2427824144,724991849912500224,Directed,8170,
1486724556,724991849912500224,Directed,8200,
720359018410221568,724991849912500224,Directed,8227,
873697938870067200,724991849912500224,Directed,8370,
514754855,724991849912500224,Directed,8393,
448499584,724991849912500224,Directed,8401,
3426053313,724991849912500224,Directed,8404,
3515042789,724991849912500224,Directed,8406,
4145398043,724991849912500224,Directed,8416,
574468354,724991849912500224,Directed,8422,
75176699,724991849912500224,Directed,8426,
138091807,724991849912500224,Directed,8428,
199146775,724991849912500224,Directed,8459,
3207508701,724991849912500224,Directed,8474,
39397930,724991849912500224,Directed,8503,
60701312,724991849912500224,Directed,8519,
3056596965,724991849912500224,Directed,8523,
950706034083008512,724991849912500224,Directed,8581,
150651467,724991849912500224,Directed,8582,
746453947,724991849912500224,Directed,8588,
366221788,724991849912500224,Directed,8628,
275610731,724991849912500224,Directed,8704,
179553793,724991849912500224,Directed,8770,
2554914156,724991849912500224,Directed,8776,
1498592516,724991849912500224,Directed,8791,
145604652,724991849912500224,Directed,8793,
131370402,724991849912500224,Directed,8801,
896932861978259458,724991849912500224,Directed,8823,
131267413,724991849912500224,Directed,8827,
1431189150,724991849912500224,Directed,8832,
877628637318705152,724991849912500224,Directed,8868,
2947286673,724991849912500224,Directed,8889,
4624652921,724991849912500224,Directed,8891,
169645873,724991849912500224,Directed,8922,
775730888969687041,724991849912500224,Directed,8944,
877884232722501632,724991849912500224,Directed,8955,
205863451,724991849912500224,Directed,8968,
1918960652,724991849912500224,Directed,8987,
948671874401292288,724991849912500224,Directed,9001,
614844856,724991849912500224,Directed,9021,
171527079,724991849912500224,Directed,9078,
915343560471441410,724991849912500224,Directed,9111,
166801998,724991849912500224,Directed,9150,
3001460122,724991849912500224,Directed,9172,
790617182,724991849912500224,Directed,9191,
612017873,724991849912500224,Directed,9205,
701768610,724991849912500224,Directed,9210,
205380227,724991849912500224,Directed,9236,
927338006964572161,724991849912500224,Directed,9259,
928130773152124928,724991849912500224,Directed,9265,
291130897,724991849912500224,Directed,9277,
3215216950,724991849912500224,Directed,9281,
859902010841288704,724991849912500224,Directed,9282,
903849400400834561,724991849912500224,Directed,9292,
878985152,724991849912500224,Directed,9326,
1333088743,724991849912500224,Directed,9338,
3077578797,724991849912500224,Directed,9350,
2928861628,724991849912500224,Directed,9373,
919955023811022849,724991849912500224,Directed,9382,
266173047,724991849912500224,Directed,9391,
4824253809,724991849912500224,Directed,9410,
3756413835,724991849912500224,Directed,9446,
614659117,724991849912500224,Directed,9449,
830787587832967172,724991849912500224,Directed,9453,
376955408,724991849912500224,Directed,9463,
723880982194061312,724991849912500224,Directed,9464,
2387764495,724991849912500224,Directed,9496,
169953640,724991849912500224,Directed,9505,
727234254376050689,724991849912500224,Directed,9523,
3397729937,724991849912500224,Directed,9528,
882798449703485440,724991849912500224,Directed,9539,
4260177557,724991849912500224,Directed,9549,
186599899,724991849912500224,Directed,9551,
1327249620,724991849912500224,Directed,9557,
1255347170,724991849912500224,Directed,9562,
8565932,724991849912500224,Directed,9564,
711661358488657920,724991849912500224,Directed,9565,
3372620381,724991849912500224,Directed,9575,
2966141290,724991849912500224,Directed,9593,
115406995,724991849912500224,Directed,9594,
147328073,724991849912500224,Directed,9600,
923293047990968320,724991849912500224,Directed,9642,
144313618,724991849912500224,Directed,9690,
363311658,724991849912500224,Directed,9704,
842842621605302273,724991849912500224,Directed,9740,
2450324088,724991849912500224,Directed,9762,
4190395895,724991849912500224,Directed,9771,
838215425284587521,724991849912500224,Directed,9776,
1275638053,724991849912500224,Directed,9845,
43588460,724991849912500224,Directed,9852,
1023164432,724991849912500224,Directed,9854,
1625777142,724991849912500224,Directed,9869,
773593646788702208,724991849912500224,Directed,9889,
4010899792,724991849912500224,Directed,9902,
4550182613,724991849912500224,Directed,9928,
1183797020,724991849912500224,Directed,9942,
953771867273297920,724991849912500224,Directed,9952,
3653455396,724991849912500224,Directed,9953,
610352856,724991849912500224,Directed,9957,
894473532,724991849912500224,Directed,9974,
2413017614,724991849912500224,Directed,9987,
224454130,724991849912500224,Directed,10021,
735716670598062082,724991849912500224,Directed,10055,
400902259,724991849912500224,Directed,10083,
876964927,724991849912500224,Directed,10090,
893575041568444420,724991849912500224,Directed,10093,
2369332701,724991849912500224,Directed,10195,
1920895292,724991849912500224,Directed,10229,
3042049638,724991849912500224,Directed,10231,
369120654,724991849912500224,Directed,10244,
859544503325270018,724991849912500224,Directed,10250,
146713508,724991849912500224,Directed,10251,
1931389867,724991849912500224,Directed,10273,
180170244,724991849912500224,Directed,10310,
2880111257,724991849912500224,Directed,10327,
1101532662,724991849912500224,Directed,10344,
946193920215736322,724991849912500224,Directed,10348,
325018071,724991849912500224,Directed,10349,
1599814878,724991849912500224,Directed,10351,
4739478261,724991849912500224,Directed,10378,
861827108,724991849912500224,Directed,10382,
251398694,724991849912500224,Directed,10395,
3357565367,724991849912500224,Directed,10450,
1016514079,724991849912500224,Directed,10467,
36409262,724991849912500224,Directed,10483,
876234253679439874,724991849912500224,Directed,10519,
266415072,724991849912500224,Directed,10543,
630320617,724991849912500224,Directed,10555,
724991849912500224,724991849912500224,Directed,10561,
743594550376210432,724991849912500224,Directed,10585,
716695311343812609,724991849912500224,Directed,10590,
553786596,724991849912500224,Directed,10591,
585205927,724991849912500224,Directed,10592,
215279725,724991849912500224,Directed,10593,
836364132412698625,724991849912500224,Directed,10610,
3109116411,724991849912500224,Directed,10626,
3984004577,724991849912500224,Directed,10633,
2795307903,724991849912500224,Directed,10659,
879823101860741121,724991849912500224,Directed,10660,
315984735,724991849912500224,Directed,10664,
3418221148,724991849912500224,Directed,10668,
3742135035,724991849912500224,Directed,10671,
833426540486651904,724991849912500224,Directed,10680,
722074658430939136,724991849912500224,Directed,10691,
208857191,724991849912500224,Directed,10697,
3165161980,724991849912500224,Directed,10738,
168254714,724991849912500224,Directed,10748,
572699492,724991849912500224,Directed,10765,
941443124706140160,724991849912500224,Directed,10768,
240566770,724991849912500224,Directed,10771,
149686901,724991849912500224,Directed,10785,
953858053,724991849912500224,Directed,10791,
2553494264,724991849912500224,Directed,10824,
829457553402781708,724991849912500224,Directed,10833,
781998256939204608,724991849912500224,Directed,10853,
44208415,724991849912500224,Directed,10873,
147750787,724991849912500224,Directed,10893,
804691272871067648,724991849912500224,Directed,10897,
760283410900328448,724991849912500224,Directed,10914,
857564822795366400,724991849912500224,Directed,10935,
945773489843265536,724991849912500224,Directed,10941,
248244937,724991849912500224,Directed,10964,
879118488790605826,724991849912500224,Directed,10966,
292971355,724991849912500224,Directed,10968,
3311072896,724991849912500224,Directed,10973,
370256146,724991849912500224,Directed,10976,
838675118083670016,724991849912500224,Directed,11000,
735476886097285120,724991849912500224,Directed,11001,
766456262,724991849912500224,Directed,11009,
890329942277447681,724991849912500224,Directed,11012,
371412771,724991849912500224,Directed,11015,
935899801715138560,724991849912500224,Directed,11021,
854699361498001408,724991849912500224,Directed,11027,
4486646963,724991849912500224,Directed,11031,
145878015,724991849912500224,Directed,11033,
145043868,724991849912500224,Directed,11034,
2434802634,724991849912500224,Directed,11046,
288414596,724991849912500224,Directed,11049,
1918713900,724991849912500224,Directed,11050,
27047088,724991849912500224,Directed,11054,
2290464434,724991849912500224,Directed,11078,
208614492,724991849912500224,Directed,11090,
395929679,724991849912500224,Directed,11093,
2940976978,724991849912500224,Directed,11100,
4561573520,724991849912500224,Directed,11109,
457586812,724991849912500224,Directed,11118,
262281168,724991849912500224,Directed,11119,
2992428713,724991849912500224,Directed,11120,
297960694,724991849912500224,Directed,11121,
704044332270096390,724991849912500224,Directed,11125,
893781795925372928,724991849912500224,Directed,11126,
2486489226,724991849912500224,Directed,11128,
143188649,724991849912500224,Directed,11129,
433103947,724991849912500224,Directed,11130,
3374198391,724991849912500224,Directed,11141,
4873896923,724991849912500224,Directed,11146,
730970684969508864,724991849912500224,Directed,11159,
296713196,724991849912500224,Directed,11161,
898027635003068416,724991849912500224,Directed,11165,
1528822513,724991849912500224,Directed,11244,
704273156622688256,724991849912500224,Directed,11248,
339363558,724991849912500224,Directed,11260,
192651499,724991849912500224,Directed,11261,
928591533208727552,724991849912500224,Directed,11267,
4696697814,724991849912500224,Directed,11271,
331204184,724991849912500224,Directed,11336,
577498259,724991849912500224,Directed,11352,
1301910931,724991849912500224,Directed,11365,
905037156,724991849912500224,Directed,11372,
953615537107537921,724991849912500224,Directed,11380,
196043943,724991849912500224,Directed,11397,
905998208316223491,724991849912500224,Directed,11407,
885945632342585346,724991849912500224,Directed,11428,
225539130,724991849912500224,Directed,11472,
399620981,724991849912500224,Directed,11502,
907602732906946561,724991849912500224,Directed,11521,
2616435337,724991849912500224,Directed,11543,
805022684887318528,724991849912500224,Directed,11554,
359535812,724991849912500224,Directed,11560,
2369493301,724991849912500224,Directed,11563,
312923505,724991849912500224,Directed,11569,
291771744,724991849912500224,Directed,11574,
818708761946759168,724991849912500224,Directed,11576,
139105803,724991849912500224,Directed,11584,
492482913,724991849912500224,Directed,11587,
372770596,724991849912500224,Directed,11590,
151936849,724991849912500224,Directed,11609,
400393661,724991849912500224,Directed,11611,
938762000229961728,724991849912500224,Directed,11619,
165602631,724991849912500224,Directed,11629,
885256376343244800,724991849912500224,Directed,11630,
4268990776,724991849912500224,Directed,11636,
1918342680,724991849912500224,Directed,11640,
1389423794,724991849912500224,Directed,11659,
212946503,724991849912500224,Directed,11661,
282833933,724991849912500224,Directed,11662,
2985589131,724991849912500224,Directed,11672,
394995982,724991849912500224,Directed,11673,
2808819851,724991849912500224,Directed,11674,
111614038,724991849912500224,Directed,11689,
146431317,724991849912500224,Directed,11690,
143574593,724991849912500224,Directed,11693,
186836922,724991849912500224,Directed,11695,
255598157,724991849912500224,Directed,11697,
25467341,724991849912500224,Directed,11701,
