Id,Label,timeset,indegree,outdegree,degree
776029108295835648,,,0,1,1
711974647516897281,,,2080,1,2081
272415116,,,0,2,2
298003552,,,0,1,1
2364010671,,,0,2,2
229637559,,,0,1,1
840203815546736644,,,0,3,3
188051036,,,0,1,1
1288897225,,,0,1,1
909074966,,,0,1,1
747446992289300480,,,0,1,1
287942441,,,0,1,1
354484844,,,0,5,5
3093748030,,,0,2,2
71818411,,,0,1,1
3436057637,,,0,4,4
911610626002374656,,,0,5,5
414302636,,,3,2,5
848308805419008000,,,0,1,1
3323192261,,,0,1,1
1697885876,,,0,2,2
806225402138128384,,,0,1,1
4743608237,,,0,1,1
885856751903494147,,,0,1,1
818135366221840384,,,0,3,3
907784724550225921,,,0,1,1
830865499999318017,,,0,8,8
3120070583,,,0,2,2
2924777702,,,0,1,1
2826290247,,,0,1,1
966646106,,,0,2,2
2917018670,,,0,6,6
837384439000870913,,,0,3,3
2858973110,,,0,8,8
370918242,,,0,8,8
388554032,,,0,2,2
917817518819086337,,,0,2,2
337835451,,,0,1,1
2520808622,,,0,4,4
899745329372909568,,,0,3,3
318611681,,,0,4,4
607376683,,,0,2,2
3868129757,,,0,1,1
584022558,,,0,1,1
910213535820591105,,,0,1,1
803191179378626560,,,2,5,7
2946853613,,,0,2,2
859892492560453632,,,1,4,5
2345201766,,,0,1,1
1592146554,,,0,2,2
589297119,,,0,4,4
1976997229,,,0,2,2
3418793555,,,0,2,2
733423689241235456,,,0,2,2
3392335222,,,0,2,2
826990940657156098,,,0,1,1
858088599581061120,,,0,1,1
3312522629,,,0,2,2
2266808516,,,0,2,2
2206833034,,,0,1,1
564747999,,,0,4,4
113515292,,,0,1,1
17306744,,,0,2,2
2297475647,,,0,2,2
278286861,,,0,2,2
281680511,,,0,2,2
529056387,,,0,1,1
3035584828,,,5,5,10
501829622,,,0,1,1
379874793,,,0,11,11
3409350569,,,0,3,3
344435672,,,0,1,1
3378769901,,,0,6,6
195555745,,,0,3,3
3237170993,,,0,1,1
150651107,,,0,1,1
229963789,,,0,1,1
2510967216,,,0,2,2
322236462,,,0,1,1
400232309,,,0,3,3
942280400,,,0,1,1
3343144779,,,0,1,1
1631107656,,,0,1,1
719723099311181824,,,0,1,1
929427376257331200,,,0,1,1
893526574879973378,,,0,1,1
4367648295,,,0,1,1
795095328638832641,,,0,1,1
2895336705,,,0,1,1
738735140,,,0,5,5
723985420766294016,,,0,1,1
3384965187,,,0,2,2
325149293,,,0,2,2
763723314854555649,,,0,1,1
437926076,,,0,1,1
2546383964,,,0,2,2
884990350754021377,,,0,1,1
4578507075,,,0,2,2
2789445591,,,0,2,2
344209347,,,0,1,1
2228823757,,,0,2,2
1045172335,,,0,1,1
176548870,,,0,2,2
415798590,,,0,2,2
807017240,,,0,2,2
1594152955,,,0,2,2
609996634,,,0,2,2
320330553,,,0,1,1
2874623691,,,0,1,1
76181782,,,0,4,4
169892769,,,0,1,1
4451476102,,,0,1,1
925440149583998977,,,0,1,1
621776150,,,0,3,3
59286870,,,0,1,1
2748493553,,,0,1,1
572873355,,,0,1,1
900003334341492738,,,0,1,1
1586799697,,,0,1,1
2779224981,,,0,1,1
2294330748,,,0,1,1
301399624,,,0,2,2
175222015,,,0,19,19
2940942365,,,0,2,2
2746877617,,,0,3,3
3022007614,,,0,1,1
546978420,,,0,1,1
1546239866,,,0,1,1
4019236276,,,0,1,1
218105403,,,0,1,1
3382714085,,,0,1,1
55971182,,,0,8,8
2762567067,,,0,1,1
3819187851,,,0,12,12
1595774275,,,1,2,3
731277233986387968,,,0,1,1
1449719720,,,0,4,4
66387295,,,0,6,6
708620801,,,0,1,1
1625802036,,,0,2,2
816819346131587072,,,0,1,1
739429291520360448,,,0,1,1
571218660,,,0,1,1
593895743,,,0,1,1
350003505,,,0,1,1
2872930097,,,0,2,2
2994779237,,,0,8,8
134210671,,,0,1,1
24574081,,,0,2,2
314676464,,,0,3,3
737481335955132416,,,0,3,3
4407501833,,,0,1,1
1510459514,,,0,3,3
236217869,,,0,5,5
2216834777,,,0,2,2
3439303737,,,0,1,1
899805928769323008,,,0,1,1
3666174809,,,0,1,1
906383750,,,0,5,5
835532218978168834,,,0,2,2
27733043,,,0,8,8
3434915716,,,0,1,1
1352978888,,,0,1,1
2888165163,,,0,4,4
795370464424198144,,,0,3,3
2785301751,,,0,1,1
832595397986119681,,,0,1,1
744358783086911488,,,0,2,2
61304450,,,0,2,2
1114754246,,,0,7,7
99977926,,,0,3,3
51317261,,,0,2,2
210963550,,,0,2,2
48674761,,,0,1,1
2327068811,,,0,7,7
437492038,,,0,1,1
3657947955,,,0,1,1
1591459314,,,0,2,2
94786981,,,0,1,1
317184497,,,0,1,1
3128232761,,,0,2,2
4857846117,,,0,2,2
581310367,,,0,1,1
308200089,,,0,1,1
1045728644,,,0,3,3
725076314714177537,,,0,1,1
4633414577,,,0,1,1
137400859,,,0,2,2
819976808066154496,,,0,3,3
1128553812,,,0,1,1
4649728036,,,0,2,2
106464044,,,0,1,1
731112568299896832,,,0,1,1
1511995044,,,0,1,1
290726086,,,0,2,2
776422612599701504,,,0,9,9
3439330029,,,0,2,2
3296261943,,,0,2,2
725166534541344769,,,0,4,4
807395060,,,0,1,1
3733342546,,,0,3,3
1586674652,,,0,1,1
260837338,,,0,1,1
2632598902,,,0,1,1
4374914661,,,0,2,2
722194626984194048,,,0,1,1
3222709354,,,0,2,2
835828297,,,0,1,1
3309430721,,,0,1,1
1621027351,,,0,2,2
2859294638,,,0,3,3
719609374231175168,,,0,3,3
845624096801083392,,,0,3,3
2534367502,,,0,1,1
399421231,,,0,1,1
2273314998,,,0,1,1
758469925551898624,,,0,1,1
4277474207,,,0,13,13
14804251,,,0,2,2
1496301018,,,0,2,2
886770319037431808,,,0,1,1
160297002,,,0,2,2
2574254843,,,0,1,1
3010807739,,,0,2,2
64287265,,,0,1,1
416326758,,,0,1,1
174329336,,,0,1,1
132630226,,,0,8,8
1117361024,,,0,3,3
42627210,,,0,1,1
370445390,,,0,1,1
3394513515,,,0,3,3
877261903063650305,,,0,2,2
85352080,,,0,1,1
235602163,,,0,1,1
348456247,,,0,1,1
738068154992230400,,,0,1,1
611976691,,,0,1,1
778209509172994048,,,0,1,1
1524619448,,,0,1,1
285830449,,,0,1,1
2991542251,,,0,2,2
2161106487,,,0,1,1
68002706,,,11,6,17
215098105,,,0,1,1
233986710,,,0,1,1
358490436,,,0,1,1
949721946,,,0,2,2
30967385,,,0,1,1
209649810,,,0,1,1
181743056,,,0,1,1
771393259822313472,,,0,1,1
2214830907,,,0,1,1
2985010251,,,0,1,1
43142724,,,0,2,2
2817336451,,,0,1,1
768260432528375809,,,0,1,1
3086949896,,,0,2,2
3423008961,,,0,3,3
3434465229,,,0,2,2
2452298842,,,0,1,1
745711149665091584,,,0,1,1
336890189,,,0,1,1
927278228317900800,,,0,1,1
2676687953,,,0,1,1
1462663920,,,0,1,1
1134612072,,,0,2,2
248395316,,,0,1,1
1706352686,,,0,2,2
786247370174504960,,,0,1,1
289354164,,,0,1,1
2744166473,,,0,1,1
220219749,,,0,1,1
746468604007297024,,,0,3,3
29355730,,,0,4,4
710687204260110337,,,0,1,1
880035397950111745,,,0,6,6
823943032206725120,,,0,3,3
918443708391018497,,,0,1,1
635016187,,,0,2,2
272785894,,,0,1,1
930124847123980288,,,0,4,4
2746693703,,,0,1,1
249735370,,,0,1,1
3419038367,,,0,1,1
3665441188,,,0,1,1
2259573937,,,0,2,2
3015377543,,,0,13,13
149733527,,,0,2,2
1410378984,,,0,1,1
807333158622466048,,,0,2,2
4422031816,,,0,1,1
2386638340,,,0,1,1
318619401,,,0,1,1
704030485396242432,,,0,2,2
252187116,,,0,1,1
797063766,,,0,2,2
2548793888,,,0,1,1
476847830,,,0,4,4
4130847808,,,0,3,3
165498967,,,0,2,2
273749033,,,0,1,1
460244250,,,0,4,4
2731992449,,,0,1,1
454846025,,,0,1,1
123715869,,,1,3,4
265509334,,,0,10,10
166291019,,,0,1,1
1906137685,,,0,3,3
4684510033,,,0,4,4
380995482,,,0,6,6
244921031,,,0,1,1
94376100,,,14,2,16
4848284704,,,0,1,1
315832647,,,0,1,1
1705798760,,,0,5,5
2259387595,,,0,1,1
830006876653944832,,,0,6,6
354612003,,,0,1,1
228752047,,,0,1,1
96275086,,,0,1,1
776122693691199488,,,0,1,1
386054374,,,0,7,7
1313847956,,,0,3,3
823338514561515520,,,0,1,1
4153718079,,,0,1,1
968978137,,,0,2,2
266320827,,,0,1,1
2948085131,,,0,1,1
1941916771,,,0,1,1
202811832,,,0,3,3
880224851377704962,,,0,2,2
545144410,,,0,1,1
2858843549,,,0,1,1
99240071,,,0,2,2
2319714948,,,0,5,5
2745836859,,,0,1,1
761304312295424004,,,0,1,1
1631486748,,,0,3,3
758371427687038976,,,0,1,1
535568835,,,0,1,1
514560896,,,0,1,1
820415352,,,0,2,2
3097814391,,,0,3,3
290104733,,,0,1,1
739525824899125248,,,0,3,3
742509284232204288,,,0,1,1
82928554,,,0,2,2
400971715,,,0,1,1
2867264321,,,0,1,1
3192921023,,,0,3,3
1869924440,,,0,1,1
153567498,,,0,2,2
933759202916487168,,,0,1,1
829150859951034368,,,0,2,2
118831449,,,0,1,1
1098145758,,,0,1,1
631500877,,,0,1,1
36713358,,,0,2,2
3002651591,,,0,3,3
2480132328,,,0,1,1
702555892378701824,,,0,3,3
733312766606467072,,,0,1,1
935258636540170243,,,0,4,4
4872429399,,,0,2,2
321328752,,,0,2,2
2889450191,,,0,2,2
899030864117604353,,,0,2,2
4842459291,,,0,1,1
273214788,,,0,1,1
817193991884197890,,,0,4,4
122111781,,,0,16,16
64761668,,,0,1,1
3306900453,,,0,1,1
491468307,,,0,1,1
3919445667,,,0,1,1
3318095751,,,0,1,1
726709920641486849,,,0,1,1
33732275,,,0,1,1
812862292157198336,,,0,2,2
27186012,,,0,1,1
721343328315432960,,,0,2,2
1045795627,,,0,1,1
825948618,,,0,6,6
2817957189,,,0,1,1
209142229,,,0,1,1
859591395321028609,,,0,1,1
819298656964771840,,,0,2,2
3740085855,,,0,1,1
326996561,,,0,2,2
788944597,,,0,1,1
256173658,,,0,1,1
60268211,,,0,2,2
1628855022,,,0,1,1
145007527,,,0,1,1
202678452,,,0,2,2
2597245038,,,0,4,4
987654708,,,0,2,2
1452674352,,,0,3,3
784784314617692161,,,0,2,2
4455418277,,,0,1,1
288512210,,,0,1,1
2657335105,,,0,3,3
3395712772,,,0,1,1
3093635398,,,0,1,1
3002063046,,,0,1,1
780217749238931456,,,0,3,3
808447884660240384,,,0,1,1
895704953431379968,,,0,5,5
4105512615,,,0,1,1
1972559156,,,0,1,1
910239454106980352,,,0,1,1
2983978679,,,0,2,2
1569072541,,,0,4,4
2522375337,,,0,1,1
857389656618541056,,,0,2,2
931851500170743808,,,0,3,3
142087668,,,0,1,1
3395860353,,,0,3,3
470360291,,,0,3,3
754825124512137216,,,0,1,1
792803755075002368,,,0,1,1
3129586505,,,0,10,10
525578016,,,0,1,1
867455845315080192,,,0,23,23
225502758,,,0,1,1
354179184,,,0,1,1
716985718757855233,,,0,1,1
273447773,,,0,1,1
1972578984,,,0,2,2
2976519982,,,0,3,3
1541261869,,,0,1,1
2171066219,,,0,2,2
879713993337843712,,,0,2,2
290884552,,,0,1,1
809444404222103552,,,0,4,4
135620278,,,0,1,1
512465401,,,0,3,3
63769403,,,0,1,1
793736223051382784,,,0,1,1
1460029975,,,0,1,1
4228440204,,,0,2,2
2516698951,,,0,2,2
2445858461,,,0,1,1
892013052,,,0,1,1
824224819130564608,,,0,1,1
3380588679,,,0,1,1
766756626120511490,,,0,2,2
2732833742,,,0,1,1
3337787710,,,0,1,1
2694267674,,,0,2,2
3625614855,,,0,3,3
181936779,,,0,1,1
2197444468,,,0,2,2
727332614,,,0,1,1
3845370863,,,0,1,1
2829743345,,,0,1,1
856137435838898176,,,0,1,1
3281332882,,,0,1,1
346734627,,,0,1,1
220532324,,,0,1,1
3400682615,,,0,1,1
822437576019705856,,,0,1,1
1645892406,,,0,1,1
2207329574,,,0,2,2
903355742392119296,,,0,3,3
3417815601,,,0,6,6
730393394736971776,,,0,1,1
362658466,,,0,2,2
412534767,,,0,2,2
122757872,,,0,7,7
1601329898,,,0,1,1
310630016,,,0,1,1
406386617,,,0,6,6
2806474253,,,0,1,1
383170555,,,0,5,5
2369638448,,,0,2,2
839583574965768192,,,0,4,4
1343319296,,,0,1,1
2984834405,,,0,3,3
884728684426481664,,,0,1,1
4453940151,,,12,4,16
206464136,,,0,1,1
727192519654674432,,,0,1,1
3426432533,,,0,2,2
21574230,,,0,1,1
731122490643255297,,,0,1,1
2960124141,,,0,2,2
1909814154,,,0,2,2
229312218,,,0,3,3
916760491262963712,,,0,1,1
258161739,,,0,2,2
3092867295,,,0,2,2
2147879480,,,0,4,4
3828880341,,,0,8,8
756921159250223108,,,0,3,3
2258994060,,,0,1,1
731259362380005376,,,0,1,1
356482745,,,0,4,4
769713589431177216,,,0,1,1
66858539,,,0,1,1
541661543,,,0,6,6
851152267231285248,,,0,2,2
223877190,,,0,1,1
3022610099,,,0,1,1
276617276,,,0,1,1
282601658,,,0,7,7
901238324400185344,,,0,1,1
548692041,,,0,4,4
922959364562055168,,,0,1,1
53242188,,,0,1,1
3025024695,,,0,1,1
122268005,,,0,2,2
213864603,,,0,1,1
528737602,,,0,1,1
211049540,,,0,4,4
2683215600,,,0,12,12
86992309,,,0,3,3
2945228909,,,0,1,1
2877885485,,,0,2,2
859177825722671105,,,0,1,1
225096095,,,0,1,1
2875159981,,,0,1,1
1436812441,,,0,4,4
736542103577239553,,,0,1,1
285298319,,,0,1,1
1031633372,,,0,1,1
2957153553,,,0,3,3
2633602089,,,0,3,3
4870046429,,,0,2,2
4134259762,,,0,9,9
2654776781,,,0,1,1
3297818673,,,0,1,1
785541202561081344,,,0,3,3
254603023,,,0,3,3
1624049773,,,0,2,2
1293083958,,,0,1,1
201311435,,,0,1,1
79573136,,,0,1,1
2827147407,,,0,1,1
4902226599,,,0,3,3
811915305119268864,,,0,2,2
386682424,,,0,1,1
896215020194975744,,,0,1,1
154235249,,,0,1,1
835947637945827328,,,0,1,1
1666336470,,,0,1,1
162131441,,,0,1,1
785283402,,,0,1,1
880496929,,,0,1,1
782714608477933568,,,0,4,4
754484744465838080,,,0,1,1
1102266787,,,0,4,4
796127871324614657,,,0,1,1
222815590,,,0,3,3
3368635605,,,0,1,1
455692994,,,0,1,1
417184528,,,0,1,1
762789218498318336,,,0,4,4
2603994935,,,0,3,3
58946687,,,0,1,1
754131408617168896,,,0,1,1
2599177630,,,0,6,6
1569234319,,,0,1,1
1398523368,,,0,2,2
919063641269395456,,,0,1,1
462881381,,,0,1,1
585957101,,,0,2,2
2927366925,,,0,4,4
2512859036,,,0,1,1
1387391486,,,0,1,1
2709873788,,,0,1,1
195973117,,,0,17,17
3116185126,,,0,1,1
1668122892,,,0,2,2
131618008,,,0,2,2
902722994132439040,,,0,3,3
1576127964,,,0,1,1
3221805179,,,0,1,1
2927417819,,,0,1,1
2196792518,,,0,2,2
156437665,,,0,2,2
1061321977,,,0,3,3
799003026891489280,,,0,5,5
471429875,,,0,1,1
807354715361181698,,,0,1,1
89906013,,,0,2,2
2205250614,,,0,3,3
804848688501813249,,,0,1,1
248305055,,,0,2,2
2778081647,,,0,1,1
3400243101,,,0,2,2
821377504241926145,,,0,1,1
804708366136250368,,,0,1,1
1460334139,,,0,5,5
861722848708218880,,,0,1,1
313232669,,,0,2,2
268566031,,,0,1,1
254717069,,,0,2,2
2334968274,,,0,1,1
120886116,,,0,3,3
558969664,,,0,1,1
2798312299,,,0,1,1
2427438844,,,0,1,1
2914858216,,,0,1,1
323291003,,,0,2,2
2779411216,,,0,1,1
777306436913229824,,,0,1,1
58827039,,,0,1,1
391016322,,,0,2,2
923122236667695104,,,0,1,1
883037400544550914,,,0,2,2
2365864038,,,0,1,1
1075554973,,,0,2,2
376853666,,,0,1,1
796487833393491968,,,0,1,1
900837764,,,0,1,1
1976083862,,,0,1,1
106759404,,,0,1,1
375925083,,,0,1,1
2987870597,,,0,5,5
546016737,,,0,1,1
2242510873,,,0,1,1
274060109,,,0,2,2
160328636,,,0,1,1
202823708,,,0,2,2
1355185392,,,0,1,1
4905576165,,,0,1,1
455161353,,,0,7,7
555500996,,,0,1,1
560869909,,,0,2,2
1705936020,,,0,1,1
4601852483,,,0,2,2
117509590,,,0,1,1
186272520,,,0,1,1
1677172238,,,0,2,2
887099879348207617,,,0,1,1
4869098279,,,0,1,1
809399312765648897,,,0,2,2
3343220819,,,0,1,1
810325379353346048,,,0,1,1
1027308823,,,0,6,6
264192622,,,0,1,1
2254017691,,,0,4,4
244115208,,,0,1,1
124563443,,,0,1,1
2246227010,,,0,1,1
2997999147,,,0,1,1
2700927279,,,0,2,2
269169669,,,0,1,1
2196106944,,,0,1,1
2872708288,,,0,1,1
580091729,,,0,1,1
1340274691,,,0,1,1
3904544130,,,0,3,3
3073759257,,,0,1,1
910663584,,,0,1,1
283632036,,,0,1,1
286213629,,,0,1,1
1119244124,,,0,1,1
333730467,,,0,8,8
388593419,,,0,1,1
767106958319116288,,,0,4,4
2815994214,,,0,1,1
450609865,,,0,5,5
382705813,,,0,1,1
4871092630,,,0,4,4
2159391698,,,0,3,3
755828804438921217,,,0,2,2
2421111006,,,0,3,3
2751974655,,,0,7,7
189716296,,,0,1,1
635886258,,,0,6,6
2831652303,,,0,2,2
3949779395,,,0,3,3
3379799319,,,0,6,6
2765626917,,,0,7,7
2481506609,,,0,2,2
124651303,,,0,1,1
885635616200896512,,,0,2,2
153931401,,,0,1,1
714504077380567040,,,0,3,3
2704764840,,,0,2,2
335635782,,,0,7,7
3426720689,,,0,1,1
2273206056,,,0,1,1
707334481343074304,,,0,1,1
4577399074,,,0,1,1
806129386671996928,,,0,3,3
731573061502291968,,,0,1,1
282304252,,,0,1,1
1729290289,,,0,2,2
3397519721,,,0,3,3
157486172,,,0,1,1
35108019,,,0,1,1
1616838511,,,0,4,4
3583734623,,,0,1,1
232962246,,,0,1,1
349313307,,,0,2,2
738768943209385984,,,0,1,1
921490057055342593,,,0,3,3
3806839817,,,0,1,1
802996592563408896,,,0,1,1
3338092965,,,0,2,2
190823395,,,0,2,2
3131696506,,,0,1,1
1495631868,,,0,8,8
357002316,,,0,2,2
263266807,,,0,1,1
521404583,,,0,2,2
2392554862,,,0,4,4
2286964190,,,0,1,1
3050393217,,,0,2,2
264936230,,,0,1,1
254597365,,,0,1,1
1448082452,,,0,2,2
218254292,,,0,1,1
3298452683,,,0,1,1
741801721131851776,,,0,2,2
3000220564,,,0,1,1
885964414335295488,,,0,1,1
65804416,,,0,1,1
4048043385,,,0,10,10
1275665623,,,0,1,1
2760033776,,,0,1,1
80013804,,,0,2,2
1897959704,,,0,1,1
346112957,,,0,6,6
1732360470,,,0,2,2
2349601343,,,0,1,1
284793527,,,0,1,1
2857788677,,,0,2,2
908052695931645952,,,0,1,1
546852023,,,0,4,4
780257386359554049,,,0,1,1
344357081,,,0,1,1
1877696449,,,0,1,1
783960496806428672,,,0,2,2
876499575112118273,,,0,2,2
633967654,,,0,1,1
437569531,,,0,1,1
202657106,,,0,2,2
3528027735,,,0,1,1
294363124,,,0,1,1
2868252473,,,0,7,7
931259382096191494,,,0,2,2
930081883995729920,,,0,2,2
73467920,,,0,1,1
895386186683953152,,,0,1,1
3857492902,,,0,11,11
3347026223,,,0,1,1
121597646,,,0,1,1
173627486,,,0,1,1
476281245,,,0,3,3
2597123707,,,0,3,3
4213301776,,,0,2,2
2926258912,,,0,2,2
801489836,,,0,5,5
804141816538873862,,,0,1,1
2298019678,,,0,2,2
3659251577,,,0,2,2
1011741992,,,0,2,2
1046558263,,,0,1,1
243300106,,,0,1,1
2741232076,,,2,3,5
2287023930,,,0,1,1
3611336417,,,0,1,1
2408102180,,,0,1,1
765584840586563585,,,0,2,2
613022700,,,0,9,9
3678957921,,,0,2,2
2322740002,,,0,1,1
2942852027,,,0,1,1
710218847605932032,,,0,1,1
791331179144351744,,,0,8,8
900929065468612609,,,0,2,2
932680081683730433,,,0,8,8
3352429829,,,0,3,3
385038946,,,0,1,1
361622524,,,0,1,1
2644345865,,,0,1,1
548850615,,,0,1,1
2381065250,,,0,3,3
2720081695,,,0,1,1
277822956,,,0,2,2
721960176,,,0,2,2
149728581,,,0,1,1
1184157440,,,0,2,2
751589407304679424,,,0,2,2
57987065,,,0,1,1
202223299,,,0,2,2
2960389905,,,0,1,1
559153752,,,0,1,1
1915733658,,,0,1,1
721515243290144768,,,0,2,2
624055037,,,0,1,1
420738017,,,0,1,1
4925194240,,,0,3,3
66815551,,,0,2,2
857443298847453186,,,0,2,2
401056101,,,0,1,1
4899123875,,,0,1,1
290643210,,,0,1,1
706224308029411328,,,0,2,2
867885113585131523,,,0,2,2
3437375439,,,0,3,3
741029695240732672,,,0,1,1
3308930337,,,0,1,1
715341189038403585,,,0,1,1
544543159,,,0,1,1
847863802200813569,,,0,1,1
1033067010,,,0,2,2
394848426,,,0,5,5
707194338422497280,,,0,2,2
313614068,,,0,1,1
236803186,,,0,1,1
285874116,,,0,1,1
759950894658097153,,,0,4,4
3131290745,,,0,2,2
473186874,,,0,1,1
795477669630660608,,,0,1,1
35411830,,,0,5,5
4624447882,,,0,1,1
253110868,,,0,2,2
3304968040,,,0,1,1
293033231,,,0,1,1
3404708086,,,0,1,1
2750709201,,,0,1,1
2829517379,,,0,1,1
15893876,,,0,1,1
704076293399257088,,,0,3,3
608659975,,,0,1,1
309982660,,,0,2,2
2266484658,,,0,2,2
3003363107,,,0,8,8
129583086,,,0,9,9
2347159339,,,0,1,1
253358434,,,0,1,1
3462691755,,,0,1,1
769362641303310340,,,0,2,2
779396494810030080,,,0,4,4
310997148,,,0,1,1
1441233378,,,0,1,1
731262163,,,0,2,2
893910374,,,0,1,1
50334264,,,0,1,1
376478396,,,0,1,1
959762120,,,0,3,3
2546309132,,,0,2,2
727988327094341633,,,0,2,2
302186057,,,0,1,1
173494139,,,0,1,1
2985880487,,,0,2,2
46503011,,,0,2,2
2933630523,,,0,2,2
1032010255,,,0,3,3
922987678978756609,,,0,2,2
387809677,,,0,1,1
836988767848316929,,,0,1,1
1666048350,,,0,2,2
43607484,,,0,1,1
185901412,,,0,2,2
720029128242700288,,,0,2,2
332782597,,,0,2,2
2981855302,,,0,2,2
3077474667,,,0,6,6
929167027436220416,,,0,1,1
3290343141,,,0,1,1
889635160962027520,,,0,2,2
865935756145065985,,,0,8,8
2889164879,,,0,3,3
832069722,,,0,2,2
2569901938,,,0,1,1
98467786,,,0,2,2
885688605737463809,,,0,4,4
2496060875,,,0,1,1
189878275,,,0,1,1
558213775,,,0,2,2
3408916084,,,0,2,2
479038663,,,0,2,2
81888206,,,0,1,1
2493526004,,,0,1,1
3314283915,,,0,1,1
2712917995,,,0,1,1
722970504450183169,,,0,5,5
2283892788,,,0,2,2
40879410,,,0,1,1
731235427148042245,,,0,1,1
3789661037,,,0,22,22
3385111829,,,0,1,1
745403720825876480,,,0,1,1
2289992652,,,0,3,3
933843620473524224,,,0,1,1
1697119825,,,0,3,3
837450739614171139,,,0,4,4
226809156,,,0,2,2
829936135,,,0,1,1
4204575477,,,0,1,1
230594396,,,0,1,1
3093827387,,,0,1,1
343692232,,,0,1,1
2712805807,,,0,4,4
735987104979812352,,,0,6,6
810253036895502338,,,0,1,1
2600008074,,,0,2,2
3161797425,,,0,6,6
804070389500575744,,,0,1,1
304140379,,,0,2,2
1413536646,,,0,2,2
1538013908,,,0,1,1
207098098,,,0,3,3
2548164550,,,0,1,1
707714985,,,0,4,4
899295586586943488,,,0,1,1
358359946,,,0,5,5
68008767,,,0,1,1
989947195,,,0,2,2
138553788,,,0,1,1
398247154,,,0,2,2
800325739115462656,,,0,2,2
1559070734,,,0,2,2
1558635942,,,0,1,1
781243021857853440,,,0,7,7
3494981877,,,0,3,3
774954748441231360,,,0,2,2
1289886457,,,0,9,9
149698419,,,0,1,1
792832207316549632,,,0,1,1
216223449,,,0,1,1
1109702238,,,0,1,1
713962808300466177,,,0,3,3
262334815,,,0,2,2
2551662043,,,0,1,1
187310534,,,0,1,1
2275707703,,,0,1,1
739210077089988609,,,0,9,9
3138862955,,,0,1,1
2252288623,,,0,4,4
63382450,,,0,2,2
3227115843,,,0,1,1
114031376,,,0,1,1
3481129275,,,0,1,1
3131247256,,,0,4,4
4828448332,,,0,1,1
1724108179,,,0,1,1
915252768142692352,,,0,1,1
183501699,,,0,12,12
2202043813,,,0,5,5
789103413950906369,,,0,1,1
240338004,,,0,1,1
831564806,,,0,1,1
2633336956,,,0,1,1
247321868,,,0,1,1
3321956020,,,0,1,1
2194379258,,,0,4,4
757640603320586240,,,0,3,3
839077787101196292,,,0,1,1
894866876605575168,,,0,1,1
720647489695690754,,,0,3,3
111910093,,,0,4,4
4770355533,,,0,1,1
292116822,,,0,3,3
171232429,,,0,1,1
187224547,,,0,1,1
493323889,,,0,2,2
2537591288,,,0,2,2
711293305,,,0,2,2
764460803219189761,,,0,5,5
910702342114283520,,,0,2,2
333537934,,,0,2,2
428327095,,,0,2,2
1238871828,,,0,1,1
879864057188282370,,,0,1,1
106876108,,,0,1,1
2853617441,,,0,3,3
4560223947,,,0,3,3
848692736752484352,,,0,3,3
1884257389,,,0,5,5
701896747979767808,,,0,1,1
236917565,,,0,1,1
779399670292418560,,,0,1,1
3154080431,,,0,2,2
443906021,,,0,1,1
2887163259,,,0,1,1
805458221729247232,,,0,2,2
3428042721,,,0,5,5
2883427210,,,0,1,1
2413394382,,,0,2,2
151710774,,,0,3,3
733135712,,,0,2,2
163261829,,,0,1,1
929336771254587393,,,0,1,1
766721466,,,0,1,1
2163300528,,,0,2,2
776514474,,,0,2,2
3092504325,,,0,1,1
67402486,,,0,3,3
782733106264547328,,,0,1,1
383926086,,,0,7,7
1015794290,,,0,2,2
247062234,,,0,1,1
705532928,,,0,1,1
922181815514927105,,,0,1,1
735921576063979520,,,0,1,1
891308555713818624,,,0,2,2
325238685,,,0,1,1
375278158,,,0,1,1
2660980878,,,0,1,1
788764345459236864,,,0,11,11
588501223,,,0,8,8
295745034,,,0,6,6
2964611085,,,0,1,1
3020946825,,,0,1,1
2660721901,,,0,1,1
3433513132,,,0,1,1
4028260475,,,0,1,1
217133525,,,0,1,1
501617984,,,0,4,4
3829106841,,,0,1,1
840051938,,,0,4,4
933504110137151488,,,0,4,4
1353224870,,,0,2,2
3784063233,,,0,1,1
3429116259,,,0,4,4
393590265,,,0,1,1
705153753310208000,,,0,1,1
2269795323,,,0,1,1
2724854239,,,0,2,2
2912189519,,,0,1,1
3430412277,,,0,1,1
169214083,,,0,1,1
918631621749821440,,,0,1,1
1365686496,,,0,1,1
721858919933612032,,,0,1,1
876950588814225408,,,0,4,4
817016327093227520,,,0,1,1
405005904,,,0,3,3
1592356520,,,0,1,1
774010722,,,0,6,6
2255909514,,,0,1,1
98916087,,,0,1,1
509007911,,,0,2,2
3337444811,,,0,6,6
780205606489776128,,,0,1,1
493365358,,,0,2,2
4431837269,,,0,1,1
800163852709031936,,,0,2,2
2432403919,,,0,3,3
2366491345,,,0,8,8
3523843156,,,0,3,3
1439492725,,,0,1,1
1593929023,,,0,1,1
451038460,,,0,1,1
326568152,,,0,2,2
3226613320,,,0,2,2
3039803201,,,0,3,3
236910898,,,0,2,2
2612820057,,,0,2,2
2438919542,,,0,6,6
1135015477,,,0,1,1
596406761,,,0,3,3
507757588,,,0,1,1
2475879534,,,0,5,5
3106207372,,,0,1,1
436871497,,,0,1,1
2705473511,,,0,1,1
4664880382,,,0,9,9
2858859776,,,0,1,1
328052033,,,0,1,1
2645580778,,,0,1,1
708902079453130752,,,0,3,3
303576645,,,0,4,4
1083427368,,,0,2,2
212704914,,,0,2,2
919271458236452869,,,0,3,3
1141022395,,,0,3,3
2234623489,,,0,2,2
1539626341,,,0,2,2
752975543855935488,,,0,1,1
2477517530,,,0,1,1
831659226179182592,,,0,3,3
927824992036970496,,,0,3,3
759077953372295168,,,0,13,13
144937974,,,0,3,3
926035470299123712,,,0,1,1
2869647669,,,0,3,3
1009292779,,,0,1,1
3153558413,,,0,6,6
2389960296,,,0,3,3
162894226,,,0,2,2
147225001,,,0,2,2
826090621,,,0,5,5
868611223323123713,,,0,4,4
164438688,,,0,1,1
806682733464457217,,,0,5,5
66496487,,,0,1,1
278116739,,,3,6,9
2971474143,,,0,2,2
2779487916,,,0,1,1
341171230,,,0,1,1
3292448086,,,0,2,2
753023108534112256,,,0,1,1
745661340195356673,,,0,5,5
737124388797980672,,,0,2,2
1311576512,,,0,1,1
4916871358,,,0,1,1
575761779,,,0,1,1
254348941,,,0,2,2
324203634,,,0,2,2
510848158,,,0,3,3
538537989,,,0,2,2
3064293976,,,0,3,3
728384645495148544,,,0,3,3
183450878,,,0,1,1
1947651240,,,0,17,17
526947669,,,0,6,6
797425601015644160,,,0,1,1
2661083758,,,0,2,2
104878175,,,0,2,2
3297213730,,,0,1,1
1466214240,,,0,4,4
2664208999,,,0,2,2
77542701,,,0,2,2
57719284,,,0,1,1
600151373,,,0,1,1
2293721611,,,0,1,1
851590274371518464,,,0,1,1
3051763071,,,0,1,1
2750035095,,,0,2,2
211632050,,,0,2,2
926593159030886405,,,0,2,2
3798142516,,,0,1,1
392458165,,,0,1,1
940632583,,,0,1,1
4261560743,,,0,2,2
704135354480259072,,,0,1,1
2932136512,,,0,5,5
933714580634832897,,,0,75,75
3124917518,,,0,1,1
3244388495,,,0,1,1
2284312984,,,0,2,2
512392238,,,0,1,1
480706658,,,0,1,1
1639192285,,,0,1,1
856208650578395136,,,0,1,1
3375122435,,,0,1,1
770439087065010176,,,0,2,2
2314479528,,,0,1,1
754699912537837568,,,0,1,1
751281454831669248,,,0,2,2
837467360747536384,,,0,1,1
2892097623,,,0,3,3
84382731,,,0,2,2
307656387,,,0,2,2
861359457216974848,,,0,1,1
3054218371,,,0,2,2
1365033522,,,0,3,3
831117840245727233,,,0,3,3
197124984,,,0,1,1
1184316908,,,0,2,2
3514754952,,,0,1,1
734735731088822272,,,0,1,1
932780539886669824,,,0,3,3
308701175,,,0,6,6
284304129,,,0,1,1
830891110759333891,,,0,2,2
1434312589,,,0,1,1
1460575896,,,0,2,2
2446277413,,,0,2,2
3291248576,,,0,3,3
3128469123,,,0,1,1
116522786,,,0,1,1
2904170321,,,0,5,5
2532726818,,,0,2,2
572018197,,,0,1,1
925916649831718913,,,0,8,8
54455839,,,0,2,2
246322214,,,0,1,1
399721898,,,0,3,3
223204387,,,0,1,1
858201863484735494,,,0,2,2
760298301833023493,,,0,1,1
2434171970,,,0,1,1
2857870751,,,0,1,1
874795602747564032,,,0,1,1
3070882461,,,0,1,1
238232685,,,0,1,1
813514152585072640,,,0,4,4
822927011148603396,,,0,2,2
1514977675,,,0,1,1
4129944448,,,0,1,1
1589394860,,,0,2,2
168784399,,,0,5,5
933882976370388992,,,0,1,1
906013010405146624,,,0,1,1
240346409,,,0,2,2
1109486106,,,0,1,1
93723179,,,0,1,1
179273667,,,0,1,1
818596351197986817,,,0,2,2
966936560,,,0,2,2
1080140390,,,0,1,1
3416736034,,,0,1,1
159188394,,,0,1,1
1633167372,,,0,1,1
30093231,,,0,6,6
4204943739,,,0,2,2
2284317873,,,0,1,1
2987588248,,,0,6,6
830919329231286272,,,0,2,2
184177798,,,0,1,1
3387334145,,,0,7,7
4419764549,,,0,1,1
1317318246,,,0,1,1
480516128,,,0,7,7
193702539,,,0,1,1
26959213,,,0,2,2
1316575908,,,0,1,1
93639280,,,0,1,1
1250327935,,,0,2,2
2212802695,,,0,4,4
862268984,,,0,1,1
132164499,,,0,4,4
2902033794,,,0,1,1
1678898886,,,0,1,1
1638278288,,,0,1,1
3378993387,,,0,1,1
1418349637,,,0,1,1
863777852,,,0,1,1
699226619500752896,,,0,1,1
334782431,,,0,6,6
195170745,,,0,1,1
931337229968007168,,,0,2,2
1660681537,,,0,1,1
2764757307,,,0,2,2
328707786,,,0,1,1
2850046811,,,0,1,1
572854970,,,0,1,1
825777833670750213,,,0,4,4
4826416575,,,0,2,2
881259223,,,0,5,5
783326372445945856,,,0,1,1
3242713517,,,0,1,1
777634006913413120,,,0,1,1
161297438,,,0,1,1
55889205,,,0,2,2
2313150355,,,0,1,1
4907056427,,,0,5,5
4418616748,,,0,3,3
2840640233,,,0,1,1
2595783622,,,0,1,1
2875747947,,,0,1,1
837623202,,,0,1,1
375083379,,,0,2,2
3407463820,,,0,24,24
3044971090,,,0,1,1
244531219,,,0,2,2
710182414128128001,,,0,2,2
68294087,,,0,1,1
2211021324,,,0,1,1
3134430783,,,0,2,2
876533221,,,0,2,2
1512062119,,,0,1,1
3393159797,,,0,1,1
30307727,,,0,1,1
802704236039602176,,,0,2,2
890428194993709056,,,0,1,1
886775700149194752,,,0,2,2
433644306,,,0,5,5
4705211576,,,0,1,1
2183329130,,,0,2,2
740428748,,,0,6,6
3398096739,,,0,1,1
807453372,,,0,3,3
2945006057,,,0,2,2
3224374451,,,0,1,1
2429160372,,,0,1,1
775819715990134784,,,0,2,2
3226640565,,,0,2,2
4864473809,,,0,3,3
2153727324,,,0,1,1
10507892,,,0,1,1
1962954607,,,0,1,1
376434431,,,0,1,1
487977447,,,0,1,1
764198882377134080,,,0,2,2
761332300244193280,,,0,3,3
728738724264202244,,,0,2,2
515961784,,,0,1,1
774569526,,,0,1,1
1049239639,,,0,1,1
2726319795,,,0,10,10
792676640,,,0,1,1
877839015315197952,,,0,3,3
2777179614,,,0,1,1
718602465227194368,,,0,2,2
3051366440,,,0,2,2
840023558302642176,,,0,6,6
507924500,,,1,2,3
892558372834357248,,,0,5,5
463794631,,,0,2,2
173651172,,,0,1,1
1864615322,,,0,1,1
2275204670,,,0,1,1
239764166,,,0,4,4
233733126,,,0,9,9
768915938456506369,,,0,3,3
3400893814,,,0,2,2
3421141625,,,0,1,1
323264964,,,0,8,8
794896046455476229,,,0,3,3
354915302,,,0,1,1
1548451466,,,0,2,2
190455492,,,0,1,1
235913009,,,0,2,2
126356092,,,0,1,1
935194627560402945,,,0,1,1
818968458419466242,,,0,1,1
907557310800826369,,,0,4,4
1076544973,,,0,1,1
2226353661,,,0,3,3
611308799,,,0,1,1
208659419,,,0,1,1
327378953,,,0,1,1
165218098,,,0,1,1
97706826,,,0,2,2
2547376347,,,0,1,1
4696900393,,,0,1,1
389798375,,,0,1,1
385414511,,,0,2,2
905937968782815232,,,0,1,1
1966962877,,,0,3,3
900654835850194944,,,0,2,2
366906747,,,0,1,1
782455212,,,0,1,1
3295940585,,,0,1,1
2866677028,,,0,1,1
2942215104,,,0,1,1
832816122651090944,,,0,6,6
812439821528551424,,,0,1,1
245154038,,,0,1,1
3403442249,,,0,2,2
98160233,,,0,1,1
1846624164,,,0,1,1
944473279,,,0,2,2
3880884267,,,0,7,7
3289319567,,,0,4,4
803676936031584256,,,0,1,1
3356285746,,,0,1,1
615555187,,,0,3,3
359569437,,,0,5,5
2348664792,,,0,1,1
927207352474001409,,,0,11,11
292430479,,,0,3,3
2267606509,,,0,5,5
763598360720842752,,,0,13,13
2850466251,,,0,1,1
3374230953,,,0,2,2
1609404655,,,0,4,4
227827406,,,0,2,2
74316753,,,0,1,1
785176923823607808,,,0,1,1
194667289,,,0,1,1
874736769362796546,,,0,2,2
170728879,,,0,2,2
331018117,,,0,1,1
218748524,,,0,3,3
766387238,,,0,2,2
856928887191764997,,,0,4,4
2611315938,,,0,3,3
41007277,,,0,3,3
3121762864,,,0,1,1
2201301037,,,0,2,2
772525224956944384,,,0,1,1
453412043,,,0,1,1
1645736942,,,0,9,9
399592657,,,0,4,4
2905464207,,,0,2,2
103378395,,,0,1,1
746104435068256256,,,0,6,6
565794278,,,0,2,2
803316810,,,0,5,5
2760680483,,,0,1,1
197888621,,,0,4,4
245139798,,,0,1,1
1329820219,,,0,1,1
3241995178,,,0,1,1
835343228920528896,,,0,1,1
2746783956,,,0,3,3
733343512926818304,,,0,10,10
172912384,,,0,2,2
1031629062,,,0,2,2
3222345273,,,0,2,2
275300188,,,0,2,2
2853238599,,,0,22,22
1068818581,,,0,1,1
881956299679961089,,,0,5,5
804125025888595968,,,0,1,1
120321554,,,0,1,1
185850792,,,0,5,5
929333378259804166,,,0,1,1
577581409,,,0,1,1
2724691521,,,0,3,3
333149013,,,0,1,1
706933400947527680,,,0,2,2
2737739386,,,0,3,3
2888285644,,,0,6,6
2324951021,,,0,5,5
788362150796484608,,,0,1,1
3139073655,,,0,1,1
4845140745,,,0,1,1
1449539126,,,0,1,1
1612844328,,,0,1,1
2719268518,,,0,1,1
769526390890856449,,,0,3,3
761677693234610177,,,0,1,1
890587809958031362,,,0,7,7
2783116424,,,0,1,1
3355917838,,,0,1,1
1426907575,,,0,1,1
3198483927,,,0,1,1
148528359,,,0,3,3
981255162,,,0,1,1
124248206,,,0,2,2
745804047312093184,,,0,3,3
59961866,,,0,3,3
3310650093,,,0,1,1
920420847520747521,,,0,2,2
751534677408804869,,,0,1,1
871655744986337280,,,0,1,1
770327360008753153,,,0,1,1
235755587,,,0,1,1
704088072066097152,,,0,1,1
2500846486,,,0,2,2
159288270,,,0,2,2
265351598,,,0,2,2
4116553330,,,0,1,1
756742651437776896,,,0,7,7
1887128802,,,0,1,1
914969049385308161,,,0,4,4
303214256,,,0,1,1
739447393,,,0,2,2
746052027948601344,,,0,1,1
862306083754442752,,,0,1,1
2185730202,,,0,1,1
3327227440,,,0,1,1
2167274077,,,0,9,9
933323550,,,0,1,1
81855132,,,0,2,2
807734454,,,0,5,5
84959091,,,0,1,1
318717682,,,0,1,1
849655764427952128,,,0,1,1
177732388,,,0,1,1
753762399778373640,,,0,1,1
1458221828,,,0,2,2
714116330874675200,,,0,1,1
831564328260272128,,,0,1,1
74243180,,,0,1,1
325104701,,,0,2,2
730912381455507456,,,0,3,3
2857420039,,,0,8,8
37308371,,,0,1,1
2295077371,,,0,2,2
824169434,,,0,2,2
452431399,,,0,1,1
2173889493,,,0,1,1
810587508392202240,,,0,1,1
1039806554,,,0,1,1
773570664573919232,,,0,4,4
2206956136,,,0,2,2
881475364769472513,,,0,3,3
3022112861,,,0,1,1
196665090,,,0,1,1
912048144321536006,,,0,2,2
2287076770,,,0,2,2
706052844,,,0,1,1
933961925012197377,,,0,2,2
791714396909211648,,,0,2,2
401702112,,,0,3,3
1476031530,,,0,10,10
162843366,,,0,2,2
926882712354525185,,,0,1,1
1680699756,,,0,6,6
3414062608,,,0,2,2
842201965308309504,,,0,2,2
2371126603,,,0,1,1
849590950695501824,,,0,1,1
379954792,,,0,3,3
74226321,,,0,2,2
2641987766,,,0,2,2
1348251931,,,0,4,4
909391045,,,0,1,1
2259551888,,,0,2,2
1445068038,,,0,7,7
875784636865142784,,,0,2,2
73378312,,,0,2,2
156338897,,,0,1,1
448357533,,,0,1,1
320228547,,,0,8,8
883485982804377600,,,0,4,4
2986739817,,,0,4,4
4807813241,,,0,6,6
717114718964547584,,,0,6,6
3665548228,,,0,2,2
766712244,,,0,3,3
2561742678,,,0,6,6
3434336980,,,0,1,1
3304344130,,,0,2,2
2984772777,,,0,2,2
129987471,,,0,2,2
2959476886,,,0,1,1
129851505,,,0,1,1
1891512781,,,0,1,1
1060335181,,,0,1,1
757562023664320512,,,0,1,1
3312708298,,,0,3,3
3107992645,,,0,1,1
496180224,,,0,1,1
3919292242,,,0,2,2
27512604,,,0,1,1
265718014,,,0,1,1
65496327,,,0,1,1
247908662,,,0,1,1
280140783,,,0,1,1
326305219,,,0,1,1
895067385169723393,,,0,1,1
3302049395,,,0,9,9
389597240,,,0,1,1
2387804587,,,0,2,2
1961171869,,,0,2,2
2899682045,,,0,3,3
900861394622525440,,,0,1,1
2912634934,,,0,1,1
934508290704322560,,,0,1,1
867134848468733952,,,0,1,1
2563548249,,,0,3,3
377756522,,,0,1,1
766967888888684544,,,0,1,1
252737027,,,0,3,3
1716381517,,,0,2,2
1176780588,,,0,1,1
2414805398,,,0,4,4
334437832,,,0,1,1
1979084803,,,0,2,2
1942552669,,,0,5,5
3537774375,,,0,2,2
203329080,,,0,1,1
604671719,,,0,2,2
708109920,,,0,1,1
266214889,,,0,1,1
805793388905824257,,,0,1,1
995555634,,,0,3,3
512438140,,,0,1,1
873131534672375808,,,0,10,10
720698038046605313,,,0,2,2
930067966204444673,,,0,2,2
620623465,,,0,3,3
2938361494,,,0,2,2
803340679745245184,,,0,2,2
718467184616415232,,,0,1,1
2957130941,,,0,2,2
790668416382271488,,,0,3,3
2823192436,,,0,10,10
3126303454,,,0,1,1
422080495,,,0,2,2
50709947,,,0,2,2
180354699,,,0,2,2
254614914,,,0,2,2
862854632,,,0,1,1
487814291,,,0,1,1
324696054,,,0,2,2
836777403687010304,,,0,1,1
766034388022853632,,,0,3,3
716790727238369284,,,0,1,1
874833424552513537,,,0,1,1
2800964765,,,0,1,1
2314017318,,,0,6,6
2933707539,,,0,1,1
765954098013302784,,,0,1,1
899746096385318912,,,0,1,1
919042128185053184,,,0,2,2
2964766851,,,0,1,1
1074311622,,,0,2,2
755777107,,,0,3,3
1548451670,,,0,1,1
711339297186693121,,,0,2,2
2217743794,,,0,4,4
173901844,,,0,2,2
905159511857659905,,,0,2,2
3452011282,,,0,3,3
4113429795,,,0,4,4
3006777107,,,0,1,1
4157513656,,,0,1,1
353793326,,,0,1,1
894009326834257921,,,0,3,3
1616117479,,,0,1,1
357000898,,,0,1,1
2875598462,,,0,1,1
257719270,,,0,1,1
751440588877271040,,,0,2,2
2448630750,,,0,1,1
596835403,,,0,1,1
954840853,,,0,1,1
3513674896,,,0,3,3
713170974057897985,,,0,5,5
792537595779637248,,,0,1,1
852004843627696129,,,0,1,1
59896147,,,0,1,1
754406030088568833,,,0,2,2
408075048,,,0,4,4
547002194,,,0,7,7
844280952352313344,,,0,1,1
3383872456,,,0,1,1
792489036,,,0,6,6
393107794,,,0,5,5
2951471944,,,0,1,1
349713408,,,0,1,1
332921022,,,0,2,2
2444566592,,,0,1,1
458813323,,,0,1,1
169083749,,,0,1,1
814238645402140672,,,0,5,5
446304409,,,0,2,2
828358209123581952,,,0,1,1
715750119480672256,,,0,1,1
2389283760,,,0,2,2
1717344456,,,0,1,1
386350224,,,0,1,1
783104723847176192,,,0,8,8
3982217019,,,0,1,1
332017973,,,0,1,1
2642141639,,,0,1,1
2515210031,,,0,1,1
49444111,,,0,1,1
3518423776,,,0,1,1
544720775,,,0,1,1
142380210,,,0,4,4
1187261142,,,0,1,1
502841042,,,0,1,1
254170974,,,0,2,2
893848950113005568,,,0,3,3
102214365,,,0,12,12
2335574467,,,0,2,2
294183009,,,0,1,1
3291740482,,,0,1,1
1679487194,,,0,2,2
197966407,,,0,3,3
935937938,,,0,1,1
3355802740,,,0,1,1
3461471717,,,0,1,1
126801674,,,0,3,3
1517920574,,,0,1,1
2216258137,,,0,2,2
407028046,,,0,2,2
2930847785,,,0,1,1
130285989,,,0,1,1
864604011890126848,,,0,1,1
703749812919869440,,,0,1,1
715301837012910080,,,0,1,1
3793622902,,,0,2,2
417957396,,,0,1,1
877893658095255552,,,0,1,1
360922827,,,0,1,1
4730263055,,,0,3,3
798982032621707264,,,0,1,1
876244585,,,0,2,2
2676121075,,,0,1,1
4818457961,,,0,1,1
3923384661,,,0,1,1
3397817206,,,0,7,7
919476941404680192,,,0,1,1
1372059386,,,0,1,1
391488964,,,0,1,1
927608144204836864,,,0,1,1
901167465375420416,,,0,3,3
2269598046,,,0,2,2
927925130097020930,,,0,13,13
710614249014484992,,,0,2,2
939520237,,,0,1,1
73499343,,,0,8,8
2897721231,,,0,1,1
378962607,,,0,5,5
2214825562,,,0,1,1
709998691,,,0,4,4
333090293,,,0,5,5
2439089264,,,0,4,4
1452021007,,,0,1,1
863896532097130503,,,0,1,1
4887882438,,,0,5,5
1332596240,,,0,1,1
789216135883423744,,,0,3,3
613741669,,,0,3,3
728699055522648064,,,0,1,1
577134677,,,0,1,1
178056070,,,0,6,6
406523613,,,0,4,4
298552700,,,0,6,6
288854132,,,0,1,1
2252198305,,,0,1,1
201733047,,,0,1,1
910158517797081088,,,0,4,4
4711431502,,,0,1,1
704816122491707392,,,0,1,1
1038177540,,,0,1,1
3288959709,,,0,1,1
3334538686,,,0,1,1
3296373247,,,0,1,1
25722207,,,0,1,1
2677899044,,,0,1,1
50182405,,,0,4,4
2794155178,,,0,1,1
266836475,,,0,2,2
916404983402287105,,,0,1,1
1312215668,,,0,3,3
879447267467567104,,,0,1,1
534978393,,,0,2,2
807251892149559300,,,0,2,2
2670860412,,,0,1,1
4903793649,,,0,1,1
2241356816,,,0,4,4
1317025202,,,0,1,1
2796749529,,,0,10,10
448219776,,,0,2,2
793442518377570304,,,0,1,1
1949299555,,,0,7,7
274304012,,,0,1,1
297920010,,,0,2,2
1323359118,,,0,1,1
4274022557,,,0,1,1
974899892,,,0,3,3
2769951394,,,0,3,3
732990874863407107,,,0,3,3
541080195,,,0,1,1
3024031192,,,0,1,1
126830114,,,0,1,1
479895118,,,0,1,1
1917904668,,,0,6,6
1146878504,,,0,1,1
1711270886,,,0,1,1
3152241490,,,0,5,5
769363522786656256,,,0,1,1
4825668755,,,0,2,2
396267722,,,0,1,1
932476011404517376,,,0,3,3
118416514,,,0,1,1
395440913,,,0,1,1
3330281704,,,0,3,3
374726194,,,0,1,1
2798845535,,,0,2,2
3310063691,,,0,5,5
372554579,,,0,5,5
1973618942,,,0,2,2
2697492441,,,0,2,2
568380034,,,0,5,5
711569592662040576,,,0,1,1
718844024279429120,,,0,1,1
224032980,,,0,3,3
911959667982635008,,,0,2,2
718235459713896453,,,0,2,2
779046908,,,0,3,3
876250888800804866,,,0,2,2
46226948,,,0,1,1
155691424,,,0,1,1
171510437,,,0,1,1
4883721904,,,0,1,1
179588246,,,0,1,1
128326101,,,0,2,2
456998786,,,0,2,2
4710367036,,,0,1,1
708118003112611840,,,0,1,1
105197722,,,0,1,1
3066089447,,,0,1,1
770366170289561600,,,0,1,1
3102815433,,,0,1,1
3382333107,,,0,2,2
258492244,,,0,1,1
2398126611,,,0,4,4
835570133808648193,,,0,4,4
4827984123,,,0,1,1
2863790748,,,0,1,1
316621833,,,0,4,4
2718330130,,,0,1,1
2340976999,,,0,1,1
2959183901,,,0,1,1
181754527,,,0,1,1
711693169327476736,,,0,12,12
272699714,,,0,3,3
498306535,,,0,1,1
934048915493654528,,,0,11,11
29820967,,,0,1,1
860985076972212233,,,0,1,1
124333225,,,0,2,2
1235547810,,,0,1,1
872469228,,,0,1,1
223536762,,,0,4,4
2532051921,,,0,1,1
709563876946403328,,,0,1,1
68203593,,,0,1,1
763082116821348352,,,0,9,9
729433438680428550,,,0,1,1
3069023033,,,0,2,2
386305978,,,0,1,1
2870170995,,,0,1,1
703589868941799424,,,0,4,4
1629310310,,,0,5,5
2787011419,,,0,2,2
2429480018,,,0,6,6
737190516,,,0,3,3
72988963,,,0,1,1
4843821167,,,0,2,2
3940014268,,,0,1,1
922484489028341760,,,0,5,5
3355379219,,,0,3,3
3799387396,,,0,2,2
57655777,,,0,2,2
3086430864,,,0,3,3
3108010720,,,0,2,2
933820424051404802,,,0,3,3
375394077,,,0,1,1
818853709987934208,,,0,4,4
750104378560880640,,,0,7,7
2777197643,,,0,1,1
371329037,,,0,1,1
310551661,,,0,1,1
89843363,,,0,1,1
808774207580631046,,,0,1,1
1350993079,,,0,3,3
1101057709,,,0,9,9
3045165189,,,0,2,2
1319339256,,,0,1,1
747207986058264576,,,0,2,2
390405168,,,0,1,1
1157302885,,,0,1,1
3294615951,,,0,1,1
2466133712,,,0,5,5
2556324267,,,0,1,1
758791142032994308,,,0,2,2
4475774841,,,0,3,3
3439447006,,,0,1,1
3027593242,,,0,1,1
914263968046297088,,,0,1,1
1325080808,,,0,3,3
162209848,,,0,2,2
261965357,,,0,1,1
94844746,,,0,7,7
806285917967228928,,,0,14,14
188161186,,,0,1,1
4920562575,,,0,1,1
1139993714,,,0,1,1
911722132660514816,,,0,6,6
3656296581,,,0,3,3
277230618,,,0,1,1
432488101,,,0,3,3
756275194688311296,,,0,1,1
2606224911,,,0,1,1
399626841,,,0,1,1
3298704898,,,0,1,1
3409403609,,,0,1,1
327145129,,,0,1,1
269485461,,,0,1,1
260946586,,,0,1,1
597893956,,,0,1,1
2209551902,,,0,1,1
1648509883,,,0,16,16
756102818902269952,,,0,1,1
600321261,,,0,1,1
783884441412366336,,,0,1,1
2456839674,,,0,2,2
552853182,,,0,1,1
621199275,,,0,1,1
1172613295,,,0,1,1
1685647886,,,0,1,1
2751412983,,,0,1,1
476927269,,,0,1,1
268801410,,,0,1,1
1430944412,,,0,1,1
4870498708,,,0,1,1
928484660,,,0,1,1
4867548280,,,0,18,18
754352533162844160,,,0,2,2
952220264,,,0,1,1
2541932409,,,0,1,1
2846316104,,,0,6,6
887119537648390144,,,0,10,10
235190850,,,0,1,1
3630180972,,,0,5,5
436242296,,,0,1,1
160033955,,,0,1,1
778239702944088064,,,0,3,3
860895764670763010,,,0,1,1
283556594,,,0,1,1
3130871769,,,0,2,2
1003353938,,,0,1,1
755495905,,,0,4,4
2750593012,,,0,1,1
741649749112180736,,,0,1,1
706473767183245312,,,0,1,1
235235418,,,0,1,1
909927032263503872,,,0,2,2
3352633923,,,0,3,3
285677420,,,0,2,2
780560814067503104,,,0,3,3
730447582472851456,,,0,1,1
2458666852,,,0,5,5
2330891778,,,0,1,1
1881211100,,,0,1,1
3290983611,,,0,4,4
2297906856,,,0,4,4
3388673093,,,0,1,1
2650435456,,,0,1,1
2362830481,,,0,1,1
915361927819399168,,,0,1,1
928070166,,,0,2,2
831981478795960320,,,0,1,1
406618542,,,0,3,3
455855427,,,0,1,1
782028934519132160,,,0,1,1
925865296501657600,,,0,1,1
875767397399105536,,,0,1,1
706743134424854528,,,0,1,1
4824326523,,,0,1,1
4097889099,,,0,1,1
2820644629,,,0,1,1
1575877752,,,0,1,1
4623778402,,,0,2,2
2198573102,,,0,1,1
3796164855,,,0,1,1
271692034,,,0,1,1
1943951558,,,0,1,1
330431307,,,0,1,1
487904136,,,0,1,1
507550496,,,0,1,1
3407557972,,,0,1,1
87414893,,,0,1,1
152012812,,,0,1,1
3399269781,,,0,4,4
535842311,,,0,4,4
717125409998041089,,,0,2,2
3323876021,,,0,2,2
532203429,,,0,1,1
870627773739671554,,,0,1,1
338494997,,,0,1,1
3922674675,,,0,1,1
3380694339,,,0,1,1
312756988,,,0,1,1
457744631,,,0,1,1
1648730846,,,0,1,1
243264237,,,0,2,2
3909768435,,,0,1,1
2265306849,,,0,1,1
921772762607255552,,,0,1,1
332934431,,,0,1,1
3325742345,,,0,8,8
824771080854331396,,,0,1,1
237511695,,,0,2,2
325229964,,,0,2,2
425416128,,,0,3,3
40784775,,,0,1,1
4902280691,,,0,1,1
286347337,,,0,3,3
35873022,,,0,1,1
2820916671,,,0,2,2
2817591276,,,0,1,1
145000729,,,0,1,1
1671220424,,,0,1,1
374631784,,,0,1,1
2374515642,,,0,1,1
2704287086,,,0,1,1
720696059186573312,,,0,1,1
2753833647,,,0,1,1
445204222,,,0,1,1
2781982120,,,0,1,1
196320338,,,0,2,2
718270212,,,0,1,1
860956737356083200,,,0,1,1
158874220,,,0,3,3
787712016572112901,,,0,1,1
3041594531,,,0,1,1
873867206022635520,,,0,1,1
3997658301,,,0,1,1
935724043,,,0,1,1
354491892,,,0,1,1
37650733,,,0,1,1
345128586,,,0,1,1
1118043734,,,0,1,1
340393967,,,0,1,1
3728224583,,,0,1,1
121121500,,,0,1,1
87741938,,,0,1,1
74545658,,,0,1,1
2258028457,,,0,1,1
80078603,,,0,1,1
729534547,,,0,1,1
2174820235,,,0,1,1
2747405793,,,0,1,1
143210493,,,0,2,2
2571849397,,,0,1,1
58912328,,,0,1,1
722584513646305280,,,0,1,1
393698401,,,0,1,1
1102467572,,,0,1,1
3307577698,,,0,1,1
220728294,,,0,1,1
138421809,,,0,1,1
822187103811473413,,,0,1,1
144034495,,,0,1,1
1279010750,,,0,1,1
3273431726,,,0,1,1
861382351246548993,,,0,3,3
918620805143113728,,,0,1,1
3034993606,,,0,1,1
3393010210,,,0,6,6
919688115220041728,,,0,4,4
1687069500,,,0,1,1
2871467933,,,0,2,2
864269927691300864,,,0,1,1
822113612085022721,,,0,13,13
761908897837903873,,,0,3,3
1528326871,,,0,1,1
100000718,,,0,1,1
3308758955,,,0,1,1
922658496721620997,,,0,1,1
3100512399,,,0,3,3
707954835614801921,,,0,1,1
1051294579,,,0,5,5
354617615,,,0,3,3
624307317,,,0,1,1
2904516225,,,0,1,1
738068335099809792,,,0,1,1
712731666360442884,,,0,2,2
47210137,,,0,1,1
198990958,,,0,1,1
1083224972,,,0,1,1
148858111,,,0,1,1
921112238269878273,,,0,10,10
1278805686,,,0,1,1
290846896,,,0,1,1
807966239360425984,,,0,1,1
116812616,,,0,1,1
123017975,,,0,1,1
2885135842,,,0,1,1
153472691,,,0,1,1
2904857049,,,0,1,1
2577712705,,,0,1,1
765015027879411712,,,0,1,1
2907104401,,,0,1,1
3316552708,,,0,1,1
1250160930,,,0,1,1
2926991128,,,0,1,1
568576313,,,0,1,1
4419176656,,,0,1,1
111435783,,,0,1,1
4311032417,,,0,1,1
790688525830262784,,,0,1,1
861712597141381122,,,0,1,1
2732935917,,,0,1,1
578492516,,,0,1,1
2255812639,,,0,1,1
57453491,,,0,1,1
297427630,,,0,1,1
2409868041,,,0,1,1
2335414074,,,0,1,1
2759064932,,,0,1,1
935373770,,,0,1,1
3599531903,,,0,1,1
777094123,,,0,1,1
62103719,,,0,1,1
298213319,,,0,1,1
807323588852215808,,,0,1,1
176127300,,,0,1,1
211903240,,,0,1,1
1470372560,,,0,1,1
842906552029855744,,,0,1,1
2259286697,,,0,1,1
777189038264647680,,,0,1,1
606816117,,,0,1,1
123646174,,,0,1,1
1517767268,,,0,1,1
735178284,,,0,1,1
2958792935,,,0,1,1
